frame_id,t_capture_ns,t_estimate_ns,t_control_ns,t_actuate_ns,cap_to_est_ms,est_to_ctrl_ms,ctrl_to_act_ms,total_ms
1,1175657416362,1175659712467,1175659714060,1175659745613,2.2961,0.001593,0.031553,2.32925
2,1175690703504,1175693073197,1175693074864,1175693096566,2.36969,0.001667,0.021702,2.39306
3,1175723749162,1175725896111,1175725898056,1175725915962,2.14695,0.001945,0.017906,2.1668
4,1175757272141,1175759165107,1175759166366,1175759181235,1.89297,0.001259,0.014869,1.90909
5,1175819797823,1175821705270,1175821775617,1175821789079,1.90745,0.070347,0.013462,1.99126
6,1175884989639,1175886998337,1175886999856,1175887016021,2.0087,0.001519,0.016165,2.02638
7,1175950074313,1175952851016,1175952853053,1175952873459,2.7767,0.002037,0.020406,2.79915
8,1176015462615,1176017349859,1176017351692,1176017367413,1.88724,0.001833,0.015721,1.9048
9,1176082154922,1176084049277,1176084051036,1176084066331,1.89436,0.001759,0.015295,1.91141
10,1176148918632,1176150811765,1176150813098,1176150828023,1.89313,0.001333,0.014925,1.90939
11,1176215559276,1176217451298,1176217452649,1176217470019,1.89202,0.001351,0.01737,1.91074
12,1176282267286,1176284133791,1176284134698,1176284147308,1.86651,0.000907,0.01261,1.88002
13,1176348996239,1176350867151,1176350868429,1176350883687,1.87091,0.001278,0.015258,1.88745
14,1176415705712,1176417603178,1176417604289,1176417620602,1.89747,0.001111,0.016313,1.91489
15,1176482443220,1176484330834,1176484332149,1176484345574,1.88761,0.001315,0.013425,1.90235
16,1176549147341,1176551023160,1176551024753,1176551043140,1.87582,0.001593,0.018387,1.8958
17,1176615881424,1176617745021,1176617746021,1176617761298,1.8636,0.001,0.015277,1.87987
18,1176682662725,1176684674479,1176684676275,1176684691552,2.01175,0.001796,0.015277,2.02883
19,1176749326738,1176751245424,1176751246776,1176751262423,1.91869,0.001352,0.015647,1.93569
20,1176816056245,1176817968838,1176817970042,1176817984134,1.91259,0.001204,0.014092,1.92789
21,1176866154789,1176868096585,1176868098548,1176868113972,1.9418,0.001963,0.015424,1.95918
22,1176916218336,1176918140725,1176918141651,1176918157132,1.92239,0.000926,0.015481,1.9388
23,1176962333592,1176964232668,1176964234261,1176964250315,1.89908,0.001593,0.016054,1.91672
24,1177013889632,1177015804596,1177015806040,1177015821113,1.91496,0.001444,0.015073,1.93148
25,1177063954197,1177065884901,1177065886326,1177065899955,1.9307,0.001425,0.013629,1.94576
26,1177114008689,1177115933319,1177115934004,1177115946984,1.92463,0.000685,0.01298,1.9383
27,1177147365431,1177149314226,1177149315430,1177149328855,1.9488,0.001204,0.013425,1.96342
28,1177180674325,1177182618583,1177182619250,1177182632712,1.94426,0.000667,0.013462,1.95839
29,1177214019994,1177215964956,1177215965808,1177215980010,1.94496,0.000852,0.014202,1.96002
30,1177264073652,1177265971321,1177265972229,1177265985561,1.89767,0.000908,0.013332,1.91191
31,1177314155957,1177316118955,1177316120196,1177316132121,1.963,0.001241,0.011925,1.97616
32,1177360786697,1177362722753,1177362723956,1177362738844,1.93606,0.001203,0.014888,1.95215
33,1177404381771,1177406292087,1177406292865,1177406306364,1.91032,0.000778,0.013499,1.92459
34,1177445272934,1177447185176,1177447186879,1177447202360,1.91224,0.001703,0.015481,1.92943
35,1177483542735,1177485472309,1177485473328,1177485486271,1.92957,0.001019,0.012943,1.94354
36,1177519748101,1177521662565,1177521663491,1177521677546,1.91446,0.000926,0.014055,1.92945
37,1177554380573,1177556288370,1177556289426,1177556301962,1.9078,0.001056,0.012536,1.92139
38,1177587678411,1177589576580,1177589577432,1177589590302,1.89817,0.000852,0.01287,1.91189
39,1177621025395,1177622998596,1177622999800,1177623015058,1.9732,0.001204,0.015258,1.98966
40,1177655299965,1177658372499,1177658375166,1177658396479,3.07253,0.002667,0.021313,3.09651
41,1177687781488,1177689723173,1177689724913,1177689740357,1.94169,0.00174,0.015444,1.95887
42,1177721027682,1177722957849,1177722958905,1177722972978,1.93017,0.001056,0.014073,1.9453
43,1177754385832,1177756310795,1177756311666,1177756325961,1.92496,0.000871,0.014295,1.94013
44,1177787672153,1177789602894,1177789603783,1177789617078,1.93074,0.000889,0.013295,1.94493
45,1177821018264,1177823008241,1177823009334,1177823023037,1.98998,0.001093,0.013703,2.00477
46,1177854374948,1177856653165,1177856655072,1177856671701,2.27822,0.001907,0.016629,2.29675
47,1177887677820,1177889609764,1177889611172,1177889624689,1.93194,0.001408,0.013517,1.94687
48,1177920976952,1177922892212,1177922893212,1177922907785,1.91526,0.001,0.014573,1.93083
49,1177954356005,1177956262876,1177956264562,1177956279598,1.90687,0.001686,0.015036,1.92359
50,1177987640508,1177989556564,1177989557583,1177989571452,1.91606,0.001019,0.013869,1.93094
51,1178020975452,1178022917822,1178022918970,1178022934821,1.94237,0.001148,0.015851,1.95937
52,1178054309545,1178056227157,1178056228416,1178056240360,1.91761,0.001259,0.011944,1.93081
53,1178087611899,1178089509845,1178089510845,1178089525159,1.89795,0.001,0.014314,1.91326
54,1178120914457,1178122824143,1178122824791,1178122836957,1.90969,0.000648,0.012166,1.9225
55,1178154275344,1178156172179,1178156173105,1178156186530,1.89684,0.000926,0.013425,1.91119
56,1178187588993,1178189542140,1178189543066,1178189556268,1.95315,0.000926,0.013202,1.96728
57,1178220918512,1178222826180,1178222826976,1178222838624,1.90767,0.000796,0.011648,1.92011
58,1178254237050,1178256180420,1178256181364,1178256191993,1.94337,0.000944,0.010629,1.95494
59,1178287547330,1178289447702,1178289448535,1178289458553,1.90037,0.000833,0.010018,1.91122
60,1178320847758,1178322727928,1178322728742,1178322738779,1.88017,0.000814,0.010037,1.89102
61,1178354190220,1178356076056,1178356077130,1178356085778,1.88584,0.001074,0.008648,1.89556
62,1178387483741,1178389361356,1178389362226,1178389372522,1.87762,0.00087,0.010296,1.88878
63,1178420841258,1178422720095,1178422721354,1178422732483,1.87884,0.001259,0.011129,1.89122
64,1178454138520,1178456036411,1178456037281,1178456047503,1.89789,0.00087,0.010222,1.90898
65,1178487488982,1178489374244,1178489375133,1178489385262,1.88526,0.000889,0.010129,1.89628
66,1178520813371,1178522755722,1178522757130,1178522768759,1.94235,0.001408,0.011629,1.95539
67,1178554141594,1178556028264,1178556029023,1178556038244,1.88667,0.000759,0.009221,1.89665
68,1178587429782,1178589313100,1178589313711,1178589323414,1.88332,0.000611,0.009703,1.89363
69,1178620800447,1178622666303,1178622667099,1178622677246,1.86586,0.000796,0.010147,1.8768
70,1178654952058,1178658354978,1178658357866,1178658379995,3.40292,0.002888,0.022129,3.42794
71,1178687490130,1178689480367,1178689481126,1178689493033,1.99024,0.000759,0.011907,2.0029
72,1178720765375,1178722689283,1178722689838,1178722699838,1.92391,0.000555,0.01,1.93446
73,1178754098894,1178756042837,1178756043596,1178756053281,1.94394,0.000759,0.009685,1.95439
74,1178787412191,1178789293917,1178789294417,1178789304342,1.88173,0.0005,0.009925,1.89215
75,1178820724505,1178822610230,1178822610896,1178822621118,1.88573,0.000666,0.010222,1.89661
76,1178854063001,1178855976280,1178855976873,1178855986965,1.91328,0.000593,0.010092,1.92396
77,1178887414108,1178889356089,1178889357033,1178889369403,1.94198,0.000944,0.01237,1.9553
78,1178920696609,1178922602129,1178922603165,1178922612757,1.90552,0.001036,0.009592,1.91615
79,1178954103638,1178956051229,1178956052543,1178956067191,1.94759,0.001314,0.014648,1.96355
80,1178987362603,1178989270382,1178989271104,1178989286825,1.90778,0.000722,0.015721,1.92422
81,1179020711358,1179022627025,1179022627951,1179022640339,1.91567,0.000926,0.012388,1.92898
82,1179054039688,1179055947171,1179055948097,1179055962725,1.90748,0.000926,0.014628,1.92304
83,1179087356297,1179089288538,1179089289334,1179089302870,1.93224,0.000796,0.013536,1.94657
84,1179120648612,1179122530985,1179122531948,1179122544484,1.88237,0.000963,0.012536,1.89587
85,1179154010737,1179155930256,1179155930978,1179155942625,1.91952,0.000722,0.011647,1.93189
86,1179187311902,1179189200220,1179189201275,1179189212034,1.88832,0.001055,0.010759,1.90013
87,1179220637770,1179222505867,1179222506496,1179222517736,1.8681,0.000629,0.01124,1.87997
88,1179253931696,1179255808347,1179255808958,1179255818957,1.87665,0.000611,0.009999,1.88726
89,1179287280877,1179289157713,1179289158380,1179289168879,1.87684,0.000667,0.010499,1.888
90,1179320577617,1179322437140,1179322437769,1179322447472,1.85952,0.000629,0.009703,1.86986
91,1179353924057,1179355790506,1179355791080,1179355800431,1.86645,0.000574,0.009351,1.87637
92,1179387214502,1179389097486,1179389098116,1179389108819,1.88298,0.00063,0.010703,1.89432
93,1179420579959,1179422447963,1179422448834,1179422458759,1.868,0.000871,0.009925,1.8788
94,1179453909216,1179455829605,1179455830716,1179455841623,1.92039,0.001111,0.010907,1.93241
95,1179487227917,1179489164750,1179489165380,1179489176805,1.93683,0.00063,0.011425,1.94889
96,1179520517214,1179522402568,1179522403327,1179522415104,1.88535,0.000759,0.011777,1.89789
97,1179553870228,1179555740509,1179555741324,1179555751675,1.87028,0.000815,0.010351,1.88145
98,1179587158450,1179589019936,1179589020676,1179589030731,1.86149,0.00074,0.010055,1.87228
99,1179620531444,1179622396967,1179622397874,1179622407429,1.86552,0.000907,0.009555,1.87599
100,1179654505194,1179657940371,1179657942241,1179657961758,3.43518,0.00187,0.019517,3.45656
101,1179687236250,1179689229949,1179689231783,1179689245356,1.9937,0.001834,0.013573,2.00911
102,1179720527898,1179722429233,1179722430400,1179722442992,1.90133,0.001167,0.012592,1.91509
103,1179753842100,1179755736843,1179755737621,1179755749472,1.89474,0.000778,0.011851,1.90737
104,1179787162542,1179789078636,1179789079339,1179789090209,1.91609,0.000703,0.01087,1.92767
105,1179820490648,1179822388317,1179822389168,1179822398538,1.89767,0.000851,0.00937,1.90789
106,1179853811198,1179855769344,1179855770196,1179855781621,1.95815,0.000852,0.011425,1.97042
107,1179887161006,1179889115615,1179889116948,1179889129521,1.95461,0.001333,0.012573,1.96852
108,1179920422875,1179922329839,1179922330469,1179922340320,1.90696,0.00063,0.009851,1.91745
109,1179953841696,1179955754567,1179955756104,1179955771363,1.91287,0.001537,0.015259,1.92967
110,1179987099029,1179989004141,1179989004937,1179989017714,1.90511,0.000796,0.012777,1.91868
111,1180020461391,1180022344097,1180022345190,1180022359078,1.88271,0.001093,0.013888,1.89769
112,1180053744147,1180055631465,1180055632409,1180055646167,1.88732,0.000944,0.013758,1.90202
113,1180087094899,1180089015381,1180089016436,1180089029973,1.92048,0.001055,0.013537,1.93507
114,1180120387951,1180122265566,1180122266288,1180122279879,1.87762,0.000722,0.013591,1.89193
115,1180153748647,1180155632613,1180155633650,1180155646778,1.88397,0.001037,0.013128,1.89813
116,1180187030533,1180188944571,1180188945312,1180188959551,1.91404,0.000741,0.014239,1.92902
117,1180220388137,1180222265529,1180222266343,1180222279194,1.87739,0.000814,0.012851,1.89106
118,1180253753036,1180255701034,1180255702034,1180255715626,1.948,0.001,0.013592,1.96259
119,1180287045273,1180288951626,1180288952404,1180288963607,1.90635,0.000778,0.011203,1.91833
120,1180320358991,1180322270602,1180322271343,1180322281879,1.91161,0.000741,0.010536,1.92289
121,1180353671245,1180355538989,1180355539767,1180355549563,1.86774,0.000778,0.009796,1.87832
122,1180386997758,1180388897945,1180388898685,1180388908277,1.90019,0.00074,0.009592,1.91052
123,1180420315382,1180422218180,1180422219180,1180422229976,1.9028,0.001,0.010796,1.91459
124,1180453643284,1180455528972,1180455529657,1180455540397,1.88569,0.000685,0.01074,1.89711
125,1180486968871,1180488855947,1180488856799,1180488866910,1.88708,0.000852,0.010111,1.89804
126,1180520297273,1180522188404,1180522189256,1180522200311,1.89113,0.000852,0.011055,1.90304
127,1180553640414,1180555567247,1180555568247,1180555579839,1.92683,0.001,0.011592,1.93942
128,1180586928300,1180588876761,1180588877798,1180588890945,1.94846,0.001037,0.013147,1.96264
129,1180620271089,1180622187923,1180622188886,1180622199144,1.91683,0.000963,0.010258,1.92806
130,1180653983317,1180656999873,1180657002539,1180657031222,3.01656,0.002666,0.028683,3.04791
131,1180687280294,1180689895618,1180689897433,1180689916876,2.61532,0.001815,0.019443,2.63658
132,1180720509703,1180722983314,1180722984888,1180723003423,2.47361,0.001574,0.018535,2.49372
133,1180753828142,1180756197575,1180756198760,1180756215333,2.36943,0.001185,0.016573,2.38719
134,1180787108288,1180789493460,1180789494349,1180789509996,2.38517,0.000889,0.015647,2.40171
135,1180820496257,1180822884577,1180822885503,1180822900687,2.38832,0.000926,0.015184,2.40443
136,1180853755438,1180856161460,1180856162608,1180856176311,2.40602,0.001148,0.013703,2.42087
137,1180887140054,1180889549262,1180889550521,1180889567113,2.40921,0.001259,0.016592,2.42706
138,1180920416901,1180922802314,1180922803481,1180922817165,2.38541,0.001167,0.013684,2.40026
139,1180954024706,1180956428766,1180956430729,1180956452265,2.40406,0.001963,0.021536,2.42756
140,1180987061810,1180989460796,1180989462500,1180989485609,2.39899,0.001704,0.023109,2.4238
141,1181020388894,1181022780436,1181022782288,1181022805749,2.39154,0.001852,0.023461,2.41685
142,1181053714533,1181056085947,1181056087669,1181056107186,2.37141,0.001722,0.019517,2.39265
143,1181087039839,1181089515302,1181089516524,1181089537171,2.47546,0.001222,0.020647,2.49733
144,1181120355831,1181122715635,1181122717024,1181122738670,2.3598,0.001389,0.021646,2.38284
145,1181153652732,1181155966039,1181155967483,1181155989667,2.31331,0.001444,0.022184,2.33693
146,1181186987667,1181189354692,1181189355970,1181189376691,2.36702,0.001278,0.020721,2.38902
147,1181220285179,1181222630261,1181222631446,1181222651241,2.34508,0.001185,0.019795,2.36606
148,1181253651723,1181255996601,1181255997786,1181256026210,2.34488,0.001185,0.028424,2.37449
149,1181286943383,1181289321982,1181289322759,1181289339388,2.3786,0.000777,0.016629,2.39601
150,1181320264893,1181322640029,1181322641084,1181322656935,2.37514,0.001055,0.015851,2.39204
151,1181353605346,1181355975816,1181355976908,1181355992333,2.37047,0.001092,0.015425,2.38699
152,1181386914061,1181389347304,1181389348397,1181389365488,2.43324,0.001093,0.017091,2.45143
153,1181420250237,1181422647149,1181422648556,1181422667518,2.39691,0.001407,0.018962,2.41728
154,1181453599467,1181456029414,1181456030840,1181456046894,2.42995,0.001426,0.016054,2.44743
155,1181486906923,1181489356016,1181489357294,1181489369460,2.44909,0.001278,0.012166,2.46254
156,1181520229451,1181522675638,1181522676934,1181522694692,2.44619,0.001296,0.017758,2.46524
157,1181553546887,1181555971131,1181555972668,1181555991574,2.42424,0.001537,0.018906,2.44469
158,1181586847454,1181589325232,1181589326306,1181589341638,2.47778,0.001074,0.015332,2.49418
159,1181620170557,1181622551396,1181622552526,1181622571673,2.38084,0.00113,0.019147,2.40112
160,1181653583987,1181656025174,1181656026581,1181656047783,2.44119,0.001407,0.021202,2.4638
161,1181686910200,1181689446029,1181689447807,1181689469620,2.53583,0.001778,0.021813,2.55942
162,1181720161808,1181722762854,1181722764225,1181722781372,2.60105,0.001371,0.017147,2.61956
163,1181753530981,1181755893544,1181755894544,1181755913654,2.36256,0.001,0.01911,2.38267
164,1181786800087,1181789181890,1181789183260,1181789200907,2.3818,0.00137,0.017647,2.40082
165,1181820122317,1181822498749,1181822499879,1181822517526,2.37643,0.00113,0.017647,2.39521
166,1181853512264,1181855911639,1181855912861,1181855934600,2.39938,0.001222,0.021739,2.42234
167,1181886815087,1181889246256,1181889247830,1181889269588,2.43117,0.001574,0.021758,2.4545
168,1181920091930,1181922612038,1181922613056,1181922631500,2.52011,0.001018,0.018444,2.53957
169,1181953794375,1181956148660,1181956150641,1181956174177,2.35428,0.001981,0.023536,2.3798
170,1181986790793,1181989210092,1181989211981,1181989232461,2.4193,0.001889,0.02048,2.44167
171,1182020099597,1182022432754,1182022433754,1182022452753,2.33316,0.001,0.018999,2.35316
172,1182053408882,1182055800980,1182055802276,1182055821090,2.3921,0.001296,0.018814,2.41221
173,1182086719261,1182089094952,1182089095952,1182089111266,2.37569,0.001,0.015314,2.39201
174,1182120045453,1182122590318,1182122591317,1182122606983,2.54487,0.000999,0.015666,2.56153
175,1182153489451,1182155843385,1182155844570,1182155862995,2.35393,0.001185,0.018425,2.37354
176,1182186695318,1182189072250,1182189073342,1182189089823,2.37693,0.001092,0.016481,2.39451
177,1182220029009,1182222381850,1182222383110,1182222403090,2.35284,0.00126,0.01998,2.37408
178,1182253380996,1182255743651,1182255744780,1182255765261,2.36266,0.001129,0.020481,2.38427
179,1182286673560,1182289069213,1182289070658,1182289085471,2.39565,0.001445,0.014813,2.41191
180,1182319994567,1182322530711,1182322531637,1182322548654,2.53614,0.000926,0.017017,2.55409
181,1182353358905,1182355721449,1182355722449,1182355739614,2.36254,0.001,0.017165,2.38071
182,1182386647266,1182389066584,1182389067825,1182389081453,2.41932,0.001241,0.013628,2.43419
183,1182419965070,1182422371907,1182422373111,1182422389628,2.40684,0.001204,0.016517,2.42456
184,1182453287336,1182455656898,1182455658527,1182455679378,2.36956,0.001629,0.020851,2.39204
185,1182486627008,1182489038919,1182489040364,1182489056974,2.41191,0.001445,0.01661,2.42997
186,1182519967829,1182522431996,1182522432922,1182522450235,2.46417,0.000926,0.017313,2.48241
187,1182553281985,1182555638918,1182555640270,1182555657898,2.35693,0.001352,0.017628,2.37591
188,1182586602825,1182588975017,1182588976109,1182588991719,2.37219,0.001092,0.01561,2.38889
189,1182619931646,1182622294320,1182622295301,1182622312745,2.36267,0.000981,0.017444,2.3811
190,1182653384348,1182655774539,1182655775835,1182655796056,2.39019,0.001296,0.020221,2.41171
191,1182686648637,1182689081806,1182689083917,1182689102675,2.43317,0.002111,0.018758,2.45404
192,1182719906852,1182722397610,1182722399091,1182722418978,2.49076,0.001481,0.019887,2.51213
193,1182753201398,1182755472615,1182755473596,1182755491873,2.27122,0.000981,0.018277,2.29047
194,1182786507647,1182788817861,1182788819083,1182788832712,2.31021,0.001222,0.013629,2.32506
195,1182819821207,1182822118348,1182822119181,1182822136199,2.29714,0.000833,0.017018,2.31499
196,1182853207429,1182855584583,1182855585583,1182855603767,2.37715,0.001,0.018184,2.39634
197,1182886555691,1182888976286,1182888978045,1182888995655,2.4206,0.001759,0.01761,2.43996
198,1182919851437,1182922314696,1182922316104,1182922335195,2.46326,0.001408,0.019091,2.48376
199,1182953250936,1182955786394,1182955788264,1182955810966,2.53546,0.00187,0.022702,2.56003
200,1182986526110,1182988937891,1182988939317,1182988955075,2.41178,0.001426,0.015758,2.42896
201,1183019838022,1183022185363,1183022186363,1183022203213,2.34734,0.001,0.01685,2.36519
202,1183053874663,1183056407232,1183056409491,1183056428749,2.53257,0.002259,0.019258,2.55409
203,1183086507361,1183088906088,1183088907884,1183088926698,2.39873,0.001796,0.018814,2.41934
204,1183119790442,1183122167226,1183122168559,1183122183706,2.37678,0.001333,0.015147,2.39326
205,1183153131667,1183155668069,1183155669125,1183155688290,2.5364,0.001056,0.019165,2.55662
206,1183186465337,1183188916282,1183188917449,1183188935873,2.45094,0.001167,0.018424,2.47054
207,1183219750639,1183222198178,1183222199270,1183222217806,2.44754,0.001092,0.018536,2.46717
208,1183253091364,1183255499053,1183255500331,1183255519848,2.40769,0.001278,0.019517,2.42848
209,1183286403517,1183288839834,1183288840926,1183288857684,2.43632,0.001092,0.016758,2.45417
210,1183319756001,1183322186706,1183322187892,1183322203242,2.43071,0.001186,0.01535,2.44724
211,1183353091726,1183355645627,1183355646683,1183355665848,2.5539,0.001056,0.019165,2.57412
212,1183386417007,1183388840769,1183388842214,1183388858731,2.42376,0.001445,0.016517,2.44172
213,1183419735771,1183422123906,1183422125461,1183422144293,2.38814,0.001555,0.018832,2.40852
214,1183453081773,1183455521960,1183455523052,1183455544588,2.44019,0.001092,0.021536,2.46281
215,1183486366983,1183488751026,1183488752470,1183488770080,2.38404,0.001444,0.01761,2.4031
216,1183519685951,1183522076752,1183522077826,1183522096584,2.3908,0.001074,0.018758,2.41063
217,1183553012491,1183555540654,1183555541783,1183555558226,2.52816,0.001129,0.016443,2.54574
218,1183586413268,1183588808291,1183588809550,1183588828364,2.39502,0.001259,0.018814,2.4151
219,1183619687682,1183622073521,1183622074539,1183622092464,2.38584,0.001018,0.017925,2.40478
220,1183653085681,1183655521979,1183655524090,1183655545978,2.4363,0.002111,0.021888,2.4603
221,1183686383483,1183688803634,1183688805541,1183688831910,2.42015,0.001907,0.026369,2.44843
222,1183719647713,1183722030496,1183722031515,1183722049662,2.38278,0.001019,0.018147,2.40195
223,1183752957218,1183755362203,1183755363407,1183755383017,2.40498,0.001204,0.01961,2.4258
224,1183786289851,1183788695207,1183788696429,1183788717594,2.40536,0.001222,0.021165,2.42774
225,1183819618741,1183822014578,1183822015764,1183822034910,2.39584,0.001186,0.019146,2.41617
226,1183852989331,1183855428832,1183855429869,1183855449961,2.4395,0.001037,0.020092,2.46063
227,1183886287500,1183888679523,1183888680986,1183888702707,2.39202,0.001463,0.021721,2.41521
228,1183919565949,1183921984933,1183921986063,1183922005006,2.41898,0.00113,0.018943,2.43906
229,1183953676582,1183956166357,1183956168579,1183956190004,2.48977,0.002222,0.021425,2.51342
230,1183986260151,1183988674506,1183988676135,1183988693542,2.41436,0.001629,0.017407,2.43339
231,1184019571560,1184021967472,1184021968250,1184021986526,2.39591,0.000778,0.018276,2.41497
232,1184052902542,1184055269215,1184055270567,1184055288491,2.36667,0.001352,0.017924,2.38595
233,1184086194341,1184088600937,1184088601974,1184088620844,2.4066,0.001037,0.01887,2.4265
234,1184119512898,1184121934882,1184121935734,1184121953918,2.42198,0.000852,0.018184,2.44102
235,1184152866101,1184155310657,1184155311676,1184155325027,2.44456,0.001019,0.013351,2.45893
236,1184186174010,1184188584310,1184188585236,1184188600827,2.4103,0.000926,0.015591,2.42682
237,1184219510843,1184221875072,1184221875924,1184221891923,2.36423,0.000852,0.015999,2.38108
238,1184252863953,1184255242718,1184255243662,1184255264420,2.37877,0.000944,0.020758,2.40047
239,1184286147087,1184288525148,1184288526185,1184288545739,2.37806,0.001037,0.019554,2.39865
240,1184319481642,1184321896534,1184321897423,1184321917699,2.41489,0.000889,0.020276,2.43606
241,1184352797921,1184355164039,1184355165113,1184355178260,2.36612,0.001074,0.013147,2.38034
242,1184386112553,1184388520723,1184388521704,1184388536351,2.40817,0.000981,0.014647,2.4238
243,1184419452478,1184421820466,1184421822003,1184421838520,2.36799,0.001537,0.016517,2.38604
244,1184452775646,1184455138115,1184455139837,1184455158799,2.36247,0.001722,0.018962,2.38315
245,1184486092777,1184488461561,1184488462857,1184488481133,2.36878,0.001296,0.018276,2.38836
246,1184519418500,1184521816763,1184521817911,1184521837039,2.39826,0.001148,0.019128,2.41854
247,1184552747389,1184555114914,1184555116043,1184555128950,2.36753,0.001129,0.012907,2.38156
248,1184586055447,1184588442988,1184588444211,1184588458673,2.38754,0.001223,0.014462,2.40323
249,1184619399539,1184621810394,1184621811690,1184621827263,2.41086,0.001296,0.015573,2.42772
250,1184652830162,1184655246998,1184655248868,1184655324715,2.41684,0.00187,0.075847,2.49455
251,1184686099241,1184688515651,1184688517521,1184688603441,2.41641,0.00187,0.08592,2.5042
252,1184719367986,1184721735011,1184721736085,1184721827375,2.36702,0.001074,0.09129,2.45939
253,1184752704893,1184755048957,1184755049882,1184755087139,2.34406,0.000925,0.037257,2.38225
254,1184786011006,1184788421436,1184788422547,1184788436268,2.41043,0.001111,0.013721,2.42526
255,1184819344393,1184821705048,1184821706159,1184821722750,2.36065,0.001111,0.016591,2.37836
256,1184852672557,1184855033508,1184855034434,1184855054192,2.36095,0.000926,0.019758,2.38164
257,1184886013999,1184888384745,1184888386263,1184888404892,2.37075,0.001518,0.018629,2.39089
258,1184919301666,1184921701669,1184921702780,1184921720335,2.4,0.001111,0.017555,2.41867
259,1184953418924,1184956032803,1184956034932,1184956052172,2.61388,0.002129,0.01724,2.63325
260,1184985996195,1184988429511,1184988432085,1184988448214,2.43332,0.002574,0.016129,2.45202
261,1185019308879,1185021695865,1185021697661,1185021715475,2.38699,0.001796,0.017814,2.4066
262,1185052675337,1185055080526,1185055082100,1185055098543,2.40519,0.001574,0.016443,2.42321
263,1185085944468,1185088333454,1185088334565,1185088350027,2.38899,0.001111,0.015462,2.40556
264,1185119278632,1185121684506,1185121685487,1185121702356,2.40587,0.000981,0.016869,2.42372
265,1185152617110,1185155009892,1185155010837,1185155028021,2.39278,0.000945,0.017184,2.41091
266,1185185988068,1185188379850,1185188380720,1185188393331,2.39178,0.00087,0.012611,2.40526
267,1185219269680,1185221637075,1185221637778,1185221650555,2.3674,0.000703,0.012777,2.38088
268,1185252629823,1185255019754,1185255021124,1185255036456,2.38993,0.00137,0.015332,2.40663
269,1185285877364,1185288276701,1185288277849,1185288293181,2.39934,0.001148,0.015332,2.41582
270,1185319212435,1185321592384,1185321593847,1185321609717,2.37995,0.001463,0.01587,2.39728
271,1185352554894,1185354899550,1185354900402,1185354918104,2.34466,0.000852,0.017702,2.36321
272,1185385844191,1185388261879,1185388262934,1185388276711,2.41769,0.001055,0.013777,2.43252
273,1185419166633,1185421543268,1185421544694,1185421560897,2.37663,0.001426,0.016203,2.39426
274,1185452550923,1185454914300,1185454915411,1185454930743,2.36338,0.001111,0.015332,2.37982
275,1185485837127,1185488241464,1185488242649,1185488257574,2.40434,0.001185,0.014925,2.42045
276,1185519157181,1185521538001,1185521539057,1185521556833,2.38082,0.001056,0.017776,2.39965
277,1185552531472,1185554876757,1185554878016,1185554898163,2.34529,0.001259,0.020147,2.36669
278,1185585826768,1185588170868,1185588172090,1185588186941,2.3441,0.001222,0.014851,2.36017
279,1185619125305,1185621524512,1185621525586,1185621541011,2.39921,0.001074,0.015425,2.41571
280,1185652562591,1185655011629,1185655012906,1185655030590,2.44904,0.001277,0.017684,2.468
281,1185685835667,1185688206580,1185688208580,1185688228856,2.37091,0.002,0.020276,2.39319
282,1185719114686,1185721491580,1185721492765,1185721506302,2.37689,0.001185,0.013537,2.39162
283,1185752417463,1185754761063,1185754762174,1185754790617,2.3436,0.001111,0.028443,2.37315
284,1185785732202,1185788118207,1185788119189,1185788132336,2.386,0.000982,0.013147,2.40013
285,1185819061901,1185821641374,1185821642800,1185821658891,2.57947,0.001426,0.016091,2.59699
286,1185852524183,1185854897411,1185854898651,1185854925427,2.37323,0.00124,0.026776,2.40124
287,1185885769387,1185888125116,1185888126968,1185888146799,2.35573,0.001852,0.019831,2.37741
288,1185919051885,1185921415039,1185921415983,1185921431427,2.36315,0.000944,0.015444,2.37954
289,1185953170400,1185955757113,1185955759113,1185955785574,2.58671,0.002,0.026461,2.61517
290,1185985753797,1185988148004,1185988149541,1185988168262,2.39421,0.001537,0.018721,2.41446
291,1186019051479,1186021473666,1186021474814,1186021494257,2.42219,0.001148,0.019443,2.44278
292,1186052368437,1186054756923,1186054758201,1186054772811,2.38849,0.001278,0.01461,2.40437
293,1186085698950,1186088064549,1186088066104,1186088079640,2.3656,0.001555,0.013536,2.38069
294,1186119010038,1186121374656,1186121375655,1186121391229,2.36462,0.000999,0.015574,2.38119
295,1186152321627,1186154666005,1186154667153,1186154683059,2.34438,0.001148,0.015906,2.36143
296,1186185672305,1186188022775,1186188024479,1186188041885,2.35047,0.001704,0.017406,2.36958
297,1186218964061,1186221398970,1186221400396,1186221412932,2.43491,0.001426,0.012536,2.44887
298,1186252334479,1186254707207,1186254708410,1186254724872,2.37273,0.001203,0.016462,2.39039
299,1186285624236,1186287967965,1186287969132,1186287985279,2.34373,0.001167,0.016147,2.36104
300,1186318930102,1186321357437,1186321358252,1186321373547,2.42733,0.000815,0.015295,2.44345
301,1186352265374,1186354637917,1186354639398,1186354658230,2.37254,0.001481,0.018832,2.39286
302,1186385604442,1186387953912,1186387954912,1186387969892,2.34947,0.001,0.01498,2.36545
303,1186418911512,1186421312942,1186421314275,1186421327459,2.40143,0.001333,0.013184,2.41595
304,1186452240377,1186454588218,1186454589606,1186454604291,2.34784,0.001388,0.014685,2.36391
305,1186485569298,1186487927138,1186487928119,1186487945266,2.35784,0.000981,0.017147,2.37597
306,1186518920272,1186521284297,1186521285500,1186521302259,2.36402,0.001203,0.016759,2.38199
307,1186552228324,1186554573868,1186554575257,1186554591219,2.34554,0.001389,0.015962,2.36289
308,1186585535857,1186587891845,1186587893419,1186587905289,2.35599,0.001574,0.01187,2.36943
309,1186618862963,1186621235320,1186621236450,1186621249523,2.37236,0.00113,0.013073,2.38656
310,1186652293210,1186654734377,1186654736433,1186654755950,2.44117,0.002056,0.019517,2.46274
311,1186685594632,1186687969952,1186687971693,1186687993543,2.37532,0.001741,0.02185,2.39891
312,1186718848187,1186721229840,1186721230988,1186721244154,2.38165,0.001148,0.013166,2.39597
313,1186752173219,1186754495747,1186754496635,1186754512857,2.32253,0.000888,0.016222,2.33964
314,1186785489789,1186787844036,1186787844962,1186787861831,2.35425,0.000926,0.016869,2.37204
315,1186818795171,1186821184676,1186821185675,1186821197119,2.38951,0.000999,0.011444,2.40195
316,1186852134774,1186854551072,1186854551868,1186854564053,2.4163,0.000796,0.012185,2.42928
317,1186885484467,1186887851769,1186887853306,1186887872712,2.3673,0.001537,0.019406,2.38824
318,1186918780609,1186921201815,1186921202908,1186921217666,2.42121,0.001093,0.014758,2.43706
319,1186952885845,1186955801443,1186955803461,1186955829459,2.9156,0.002018,0.025998,2.94361
320,1186985480016,1186987847392,1186987849595,1186987872816,2.36738,0.002203,0.023221,2.3928
321,1187018752956,1187021128868,1187021130109,1187021144775,2.37591,0.001241,0.014666,2.39182
322,1187052125648,1187054560834,1187054561927,1187054576704,2.43519,0.001093,0.014777,2.45106
323,1187085435586,1187087796073,1187087797147,1187087813924,2.36049,0.001074,0.016777,2.37834
324,1187118731376,1187121126046,1187121127565,1187121140101,2.39467,0.001519,0.012536,2.40873
325,1187152033999,1187154379136,1187154380228,1187154395079,2.34514,0.001092,0.014851,2.36108
326,1187185374786,1187187740607,1187187741458,1187187757291,2.36582,0.000851,0.015833,2.38251
327,1187218703093,1187221133835,1187221134835,1187221146056,2.43074,0.001,0.011221,2.44296
328,1187252033140,1187254465474,1187254466530,1187254479233,2.43233,0.001056,0.012703,2.44609
329,1187285334578,1187287700769,1187287701787,1187287717249,2.36619,0.001018,0.015462,2.38267
330,1187318671754,1187321104088,1187321105088,1187321120921,2.43233,0.001,0.015833,2.44917
331,1187351996135,1187354411063,1187354412211,1187354423562,2.41493,0.001148,0.011351,2.42743
332,1187385327904,1187387683114,1187387684114,1187387701668,2.35521,0.001,0.017554,2.37376
333,1187418645230,1187421047974,1187421049622,1187421081842,2.40274,0.001648,0.03222,2.43661
334,1187452019052,1187454440017,1187454441239,1187454454219,2.42096,0.001222,0.01298,2.43517
335,1187485347506,1187487739899,1187487741473,1187487758379,2.39239,0.001574,0.016906,2.41087
336,1187518625316,1187521010487,1187521011617,1187521029171,2.38517,0.00113,0.017554,2.40386
337,1187551938124,1187554301519,1187554302500,1187554319221,2.3634,0.000981,0.016721,2.3811
338,1187585249802,1187587614178,1187587615271,1187587629177,2.36438,0.001093,0.013906,2.37938
339,1187618590959,1187621006295,1187621007480,1187621023109,2.41534,0.001185,0.015629,2.43215
340,1187651982114,1187654449186,1187654451131,1187654467685,2.46707,0.001945,0.016554,2.48557
341,1187685283200,1187687704757,1187687706776,1187687725571,2.42156,0.002019,0.018795,2.44237
342,1187718566676,1187720972457,1187720973475,1187721006751,2.40578,0.001018,0.033276,2.44008
343,1187751881798,1187754271284,1187754272469,1187754289357,2.38949,0.001185,0.016888,2.40756
344,1187785207864,1187787564148,1187787565074,1187787580832,2.35628,0.000926,0.015758,2.37297
345,1187818523058,1187820958318,1187820959614,1187820973613,2.43526,0.001296,0.013999,2.45056
346,1187851885452,1187854367653,1187854368894,1187854381856,2.4822,0.001241,0.012962,2.4964
347,1187885232273,1187887622517,1187887624332,1187887644016,2.39024,0.001815,0.019684,2.41174
348,1187918512172,1187920908787,1187920910157,1187920924786,2.39662,0.00137,0.014629,2.41261
349,1187952720323,1187955637921,1187955639939,1187955663419,2.9176,0.002018,0.02348,2.9431
350,1187985227276,1187987616502,1187987618187,1187987633723,2.38923,0.001685,0.015536,2.40645
351,1188018503583,1188020890439,1188020891753,1188020907289,2.38686,0.001314,0.015536,2.40371
352,1188051819943,1188054211743,1188054212928,1188054230075,2.3918,0.001185,0.017147,2.41013
353,1188085137062,1188087675389,1188087676593,1188087691092,2.53833,0.001204,0.014499,2.55403
354,1188118462310,1188120885978,1188120887108,1188120901959,2.42367,0.00113,0.014851,2.43965
355,1188151770856,1188154127380,1188154128325,1188154143176,2.35652,0.000945,0.014851,2.37232
356,1188185129991,1188187485701,1188187487052,1188187502792,2.35571,0.001351,0.01574,2.3728
357,1188218430259,1188220869093,1188220870371,1188220883759,2.43883,0.001278,0.013388,2.4535
358,1188251800708,1188254185638,1188254187082,1188254210859,2.38493,0.001444,0.023777,2.41015
359,1188285100717,1188287663987,1188287665024,1188287679745,2.56327,0.001037,0.014721,2.57903
360,1188318425521,1188320861318,1188320862670,1188320875928,2.4358,0.001352,0.013258,2.45041
361,1188351737752,1188354101572,1188354102683,1188354144791,2.36382,0.001111,0.042108,2.40704
362,1188385077073,1188387435505,1188387436857,1188387453078,2.35843,0.001352,0.016221,2.37601
363,1188418373120,1188420792992,1188420794825,1188420810194,2.41987,0.001833,0.015369,2.43707
364,1188451699812,1188454082854,1188454083928,1188454096242,2.38304,0.001074,0.012314,2.39643
365,1188485030171,1188487402732,1188487403621,1188487418231,2.37256,0.000889,0.01461,2.38806
366,1188518396009,1188520812623,1188520813752,1188520827714,2.41661,0.001129,0.013962,2.43171
367,1188551676020,1188554037155,1188554038285,1188554053506,2.36113,0.00113,0.015221,2.37749
368,1188585013564,1188587373421,1188587374477,1188587390661,2.35986,0.001056,0.016184,2.3771
369,1188618348848,1188620715150,1188620716076,1188620729334,2.3663,0.000926,0.013258,2.38049
370,1188651760813,1188654193703,1188654195740,1188654211794,2.43289,0.002037,0.016054,2.45098
371,1188685058674,1188687463399,1188687465584,1188687483713,2.40473,0.002185,0.018129,2.42504
372,1188718324223,1188720695895,1188720697209,1188720709838,2.37167,0.001314,0.012629,2.38562
373,1188751628121,1188753998015,1188753998922,1188754013847,2.36989,0.000907,0.014925,2.38573
374,1188784960072,1188787309542,1188787310579,1188787327596,2.34947,0.001037,0.017017,2.36752
375,1188818276448,1188820660804,1188820661915,1188820675785,2.38436,0.001111,0.01387,2.39934
376,1188851604823,1188854008622,1188854009474,1188854064600,2.4038,0.000852,0.055126,2.45978
377,1188884986805,1188887362903,1188887364662,1188887381716,2.3761,0.001759,0.017054,2.39491
378,1188918271628,1188920662983,1188920664168,1188920677704,2.39135,0.001185,0.013536,2.40608
379,1188952312713,1188955488182,1188955490330,1188955513272,3.17547,0.002148,0.022942,3.20056
380,1188984983188,1188987329510,1188987331454,1188987352823,2.34632,0.001944,0.021369,2.36964
381,1189018237420,1189020610999,1189020612610,1189020629590,2.37358,0.001611,0.01698,2.39217
382,1189051598274,1189053995425,1189053996888,1189054012146,2.39715,0.001463,0.015258,2.41387
383,1189084889374,1189087319263,1189087320226,1189087333336,2.42989,0.000963,0.01311,2.44396
384,1189118188824,1189120594290,1189120595401,1189120610456,2.40547,0.001111,0.015055,2.42163
385,1189151510237,1189153903759,1189153904888,1189153919091,2.39352,0.001129,0.014203,2.40885
386,1189184858462,1189187229263,1189187230319,1189187246225,2.3708,0.001056,0.015906,2.38776
387,1189218162116,1189220556416,1189220557564,1189220591451,2.3943,0.001148,0.033887,2.42934
388,1189251490584,1189253856811,1189253857793,1189253872625,2.36623,0.000982,0.014832,2.38204
389,1189284816885,1189287201648,1189287202685,1189287215017,2.38476,0.001037,0.012332,2.39813
390,1189318136038,1189320544670,1189320545781,1189320558706,2.40863,0.001111,0.012925,2.42267
391,1189351492188,1189353921745,1189353922800,1189353937799,2.42956,0.001055,0.014999,2.44561
392,1189384801935,1189387205808,1189387207049,1189387223103,2.40387,0.001241,0.016054,2.42117
393,1189418114440,1189420480612,1189420482464,1189420499889,2.36617,0.001852,0.017425,2.38545
394,1189451469850,1189453902351,1189453903444,1189453919109,2.4325,0.001093,0.015665,2.44926
395,1189484785670,1189487150398,1189487151713,1189487164323,2.36473,0.001315,0.01261,2.37865
396,1189518082862,1189520540009,1189520541435,1189520553879,2.45715,0.001426,0.012444,2.47102
397,1189551399645,1189553751818,1189553753059,1189553767169,2.35217,0.001241,0.01411,2.36752
398,1189584728279,1189587089248,1189587090637,1189587104136,2.36097,0.001389,0.013499,2.37586
399,1189618051303,1189620417826,1189620419141,1189620432436,2.36652,0.001315,0.013295,2.38113
400,1189651459227,1189653870896,1189653872655,1189653895246,2.41167,0.001759,0.022591,2.43602
401,1189684746012,1189687115240,1189687116462,1189687132553,2.36923,0.001222,0.016091,2.38654
402,1189718035038,1189720568865,1189720569976,1189720582383,2.53383,0.001111,0.012407,2.54734
403,1189751450092,1189753835281,1189753836281,1189753853743,2.38519,0.001,0.017462,2.40365
404,1189784739451,1189787143472,1189787145694,1189787166008,2.40402,0.002222,0.020314,2.42656
405,1189818028178,1189820385517,1189820386943,1189820400775,2.35734,0.001426,0.013832,2.3726
406,1189851380086,1189853760738,1189853761645,1189853777496,2.38065,0.000907,0.015851,2.39741
407,1189884738196,1189887087925,1189887089443,1189887113830,2.34973,0.001518,0.024387,2.37563
408,1189917995221,1189920528493,1189920529863,1189920543584,2.53327,0.00137,0.013721,2.54836
409,1189952097411,1189955366835,1189955368928,1189955389741,3.26942,0.002093,0.020813,3.29233
410,1189984715090,1189987048283,1189987049894,1189987067226,2.33319,0.001611,0.017332,2.35214
411,1190017999373,1190020393672,1190020395172,1190020410745,2.3943,0.0015,0.015573,2.41137
412,1190051302969,1190053680658,1190053682084,1190053696083,2.37769,0.001426,0.013999,2.39311
413,1190084622471,1190086982643,1190086983643,1190086997197,2.36017,0.001,0.013554,2.37473
414,1190117947028,1190120434877,1190120436062,1190120448561,2.48785,0.001185,0.012499,2.50153
415,1190151266049,1190153654978,1190153656052,1190153671125,2.38893,0.001074,0.015073,2.40508
416,1190184617530,1190187022033,1190187023681,1190187041420,2.4045,0.001648,0.017739,2.42389
417,1190217910293,1190220311796,1190220312796,1190220324425,2.4015,0.001,0.011629,2.41413
418,1190251271071,1190253661537,1190253662759,1190253678499,2.39047,0.001222,0.01574,2.40743
419,1190284568278,1190286940375,1190286941764,1190286956893,2.3721,0.001389,0.015129,2.38862
420,1190317885114,1190320431532,1190320432829,1190320445939,2.54642,0.001297,0.01311,2.56082
421,1190351215615,1190353599082,1190353600082,1190353614470,2.38347,0.001,0.014388,2.39886
422,1190384544302,1190386948564,1190386949582,1190386964118,2.40426,0.001018,0.014536,2.41982
423,1190417860749,1190420271584,1190420273139,1190420287490,2.41084,0.001555,0.014351,2.42674
424,1190451191009,1190453585901,1190453587623,1190453601067,2.39489,0.001722,0.013444,2.41006
425,1190484504938,1190486860740,1190486862018,1190486878776,2.3558,0.001278,0.016758,2.37384
426,1190517888750,1190520347416,1190520348934,1190520362730,2.45867,0.001518,0.013796,2.47398
427,1190551241861,1190553620106,1190553621199,1190553634716,2.37825,0.001093,0.013517,2.39285
428,1190584549475,1190586894945,1190586896278,1190586910962,2.34547,0.001333,0.014684,2.36149
429,1190617890754,1190620273443,1190620274591,1190620287701,2.38269,0.001148,0.01311,2.39695
430,1190651269215,1190653670792,1190653672829,1190653691235,2.40158,0.002037,0.018406,2.42202
431,1190684582940,1190686991349,1190686993757,1190687013366,2.40841,0.002408,0.019609,2.43043
432,1190717814911,1190720184360,1190720185934,1190720203452,2.36945,0.001574,0.017518,2.38854
433,1190751181077,1190753564988,1190753565803,1190753579820,2.38391,0.000815,0.014017,2.39874
434,1190784535650,1190786895193,1190786896248,1190786909414,2.35954,0.001055,0.013166,2.37376
435,1190817800062,1190820210100,1190820211397,1190820225229,2.41004,0.001297,0.013832,2.42517
436,1190851179205,1190853534525,1190853535599,1190853549617,2.35532,0.001074,0.014018,2.37041
437,1190884460966,1190886851377,1190886853284,1190886872783,2.39041,0.001907,0.019499,2.41182
438,1190917815833,1190920214873,1190920216151,1190920228742,2.39904,0.001278,0.012591,2.41291
439,1190952034216,1190955298270,1190955300215,1190955321195,3.26405,0.001945,0.02098,3.28698
440,1190984461572,1190986854668,1190986856205,1190986874019,2.3931,0.001537,0.017814,2.41245
441,1191017780553,1191020164149,1191020165298,1191020180574,2.3836,0.001149,0.015276,2.40002
442,1191051105608,1191053487741,1191053488815,1191053503296,2.38213,0.001074,0.014481,2.39769
443,1191084431181,1191086847923,1191086848682,1191086861700,2.41674,0.000759,0.013018,2.43052
444,1191117708887,1191120114185,1191120115778,1191120135202,2.4053,0.001593,0.019424,2.42632
445,1191151077253,1191153540677,1191153541659,1191153555435,2.46342,0.000982,0.013776,2.47818
446,1191184388827,1191186722890,1191186723871,1191186738907,2.33406,0.000981,0.015036,2.35008
447,1191217728121,1191220153863,1191220154881,1191220166973,2.42574,0.001018,0.012092,2.43885
448,1191251031918,1191253412866,1191253413866,1191253429143,2.38095,0.001,0.015277,2.39723
449,1191284387322,1191286782084,1191286783177,1191286796991,2.39476,0.001093,0.013814,2.40967
450,1191317674898,1191320098047,1191320099213,1191320110305,2.42315,0.001166,0.011092,2.43541
451,1191351058208,1191353506614,1191353507410,1191353520002,2.44841,0.000796,0.012592,2.46179
452,1191384324970,1191386716510,1191386717325,1191386729453,2.39154,0.000815,0.012128,2.40448
453,1191417696651,1191420109338,1191420110912,1191420122855,2.41269,0.001574,0.011943,2.4262
454,1191451009354,1191453468853,1191453469982,1191453482204,2.4595,0.001129,0.012222,2.47285
455,1191484326798,1191486721171,1191486722431,1191486734948,2.39437,0.00126,0.012517,2.40815
456,1191517613485,1191520011469,1191520012784,1191520025172,2.39798,0.001315,0.012388,2.41169
457,1191550972222,1191553377873,1191553379076,1191553390946,2.40565,0.001203,0.01187,2.41872
458,1191584240558,1191586659115,1191586660004,1191586673651,2.41856,0.000889,0.013647,2.43309
459,1191617606092,1191620012242,1191620013168,1191620027037,2.40615,0.000926,0.013869,2.42095
460,1191651043231,1191653599093,1191653601001,1191653620444,2.55586,0.001908,0.019443,2.57721
461,1191684302605,1191686759233,1191686760881,1191686780713,2.45663,0.001648,0.019832,2.47811
462,1191717546183,1191719923743,1191719924817,1191719937409,2.37756,0.001074,0.012592,2.39123
463,1191750923512,1191753347143,1191753348272,1191753361697,2.42363,0.001129,0.013425,2.43818
464,1191784197237,1191786579481,1191786580407,1191786597221,2.38224,0.000926,0.016814,2.39998
465,1191817565768,1191819928347,1191819929347,1191819943494,2.36258,0.001,0.014147,2.37773
466,1191850904670,1191853346799,1191853347873,1191853359613,2.44213,0.001074,0.01174,2.45494
467,1191884235036,1191886581117,1191886582487,1191886599838,2.34608,0.00137,0.017351,2.3648
468,1191917494593,1191919897761,1191919898965,1191919913205,2.40317,0.001204,0.01424,2.41861
469,1191951985750,1191955200992,1191955202733,1191955221547,3.21524,0.001741,0.018814,3.2358
470,1191984210210,1191986736185,1191986738463,1191986756295,2.52597,0.002278,0.017832,2.54609
471,1192017614886,1192019965132,1192019966188,1192019985168,2.35025,0.001056,0.01898,2.37028
472,1192050856758,1192053223892,1192053225226,1192053237965,2.36713,0.001334,0.012739,2.38121
473,1192084124980,1192086505354,1192086506410,1192086520557,2.38037,0.001056,0.014147,2.39558
474,1192117484085,1192119832443,1192119833480,1192119847164,2.34836,0.001037,0.013684,2.36308
475,1192150768566,1192153154087,1192153155161,1192153167568,2.38552,0.001074,0.012407,2.399
476,1192184138892,1192186670608,1192186671756,1192186686773,2.53172,0.001148,0.015017,2.54788
477,1192217571399,1192219941200,1192219942718,1192219959347,2.3698,0.001518,0.016629,2.38795
478,1192250785625,1192253174017,1192253175258,1192253188572,2.38839,0.001241,0.013314,2.40295
479,1192284114195,1192286489051,1192286490051,1192286503513,2.37486,0.001,0.013462,2.38932
480,1192317392380,1192319776605,1192319777679,1192319793364,2.38422,0.001074,0.015685,2.40098
481,1192350755447,1192353169319,1192353170560,1192353189151,2.41387,0.001241,0.018591,2.4337
482,1192384030336,1192386590827,1192386592160,1192386604789,2.56049,0.001333,0.012629,2.57445
483,1192417451362,1192419848661,1192419849957,1192419863531,2.3973,0.001296,0.013574,2.41217
484,1192450706363,1192453059128,1192453060313,1192453071850,2.35277,0.001185,0.011537,2.36549
485,1192484069986,1192486464119,1192486465600,1192486478988,2.39413,0.001481,0.013388,2.409
486,1192517353578,1192519703436,1192519704750,1192519719249,2.34986,0.001314,0.014499,2.36567
487,1192550726330,1192553105056,1192553106334,1192553125592,2.37873,0.001278,0.019258,2.39926
488,1192583997108,1192586510288,1192586511343,1192586523601,2.51318,0.001055,0.012258,2.52649
489,1192617422634,1192619776862,1192619777621,1192619789157,2.35423,0.000759,0.011536,2.36652
490,1192650915137,1192653333786,1192653334898,1192653352415,2.41865,0.001112,0.017517,2.43728
491,1192684050239,1192686443945,1192686446019,1192686466925,2.39371,0.002074,0.020906,2.41669
492,1192717298111,1192719653820,1192719655190,1192719670893,2.35571,0.00137,0.015703,2.37278
493,1192750661234,1192753040627,1192753041386,1192753053218,2.37939,0.000759,0.011832,2.39198
494,1192783947807,1192786469375,1192786470801,1192786482689,2.52157,0.001426,0.011888,2.53488
495,1192817318261,1192819711263,1192819712689,1192819726225,2.393,0.001426,0.013536,2.40796
496,1192850613071,1192852998315,1192852999222,1192853013258,2.38524,0.000907,0.014036,2.40019
497,1192883985802,1192886339122,1192886341085,1192886355621,2.35332,0.001963,0.014536,2.36982
498,1192917248077,1192919583232,1192919584343,1192919599027,2.33515,0.001111,0.014684,2.35095
499,1192951980733,1192955309301,1192955311097,1192955332596,3.32857,0.001796,0.021499,3.35186
500,1192983952764,1192986458055,1192986460147,1192986477035,2.50529,0.002092,0.016888,2.52427
501,1193017217428,1193019590469,1193019592006,1193019609523,2.37304,0.001537,0.017517,2.39209
502,1193050674431,1193053083062,1193053084321,1193053098616,2.40863,0.001259,0.014295,2.42419
503,1193083864156,1193086269620,1193086270916,1193086284360,2.40546,0.001296,0.013444,2.4202
504,1193117232238,1193119605594,1193119606520,1193119618130,2.37336,0.000926,0.01161,2.38589
505,1193150508550,1193152917089,1193152918274,1193152930236,2.40854,0.001185,0.011962,2.42169
506,1193183874763,1193186282320,1193186283783,1193186297245,2.40756,0.001463,0.013462,2.42248
507,1193217158907,1193219667883,1193219668642,1193219681438,2.50898,0.000759,0.012796,2.52253
508,1193250604614,1193252987284,1193252988210,1193252999839,2.38267,0.000926,0.011629,2.39522
509,1193283848187,1193286197156,1193286198045,1193286210655,2.34897,0.000889,0.01261,2.36247
510,1193317140220,1193319492429,1193319493447,1193319507539,2.35221,0.001018,0.014092,2.36732
511,1193350493304,1193352863604,1193352864456,1193352876326,2.3703,0.000852,0.01187,2.38302
512,1193383776819,1193386183654,1193386184320,1193386201189,2.40684,0.000666,0.016869,2.42437
513,1193417146253,1193419675284,1193419676265,1193419687524,2.52903,0.000981,0.011259,2.54127
514,1193450604756,1193452981871,1193452983093,1193452992889,2.37711,0.001222,0.009796,2.38813
515,1193483733096,1193486153245,1193486154153,1193486165707,2.42015,0.000908,0.011554,2.43261
516,1193517111290,1193519475831,1193519476739,1193519487849,2.36454,0.000908,0.01111,2.37656
517,1193550379509,1193552755735,1193552756679,1193552766938,2.37623,0.000944,0.010259,2.38743
518,1193583745481,1193586150057,1193586150798,1193586167278,2.40458,0.000741,0.01648,2.4218
519,1193617028570,1193619536342,1193619537398,1193619547712,2.50777,0.001056,0.010314,2.51914
520,1193650738741,1193653260549,1193653261994,1193653277937,2.52181,0.001445,0.015943,2.5392
521,1193683732090,1193686140073,1193686142425,1193686161886,2.40798,0.002352,0.019461,2.4298
522,1193717065009,1193719403052,1193719404145,1193719420347,2.33804,0.001093,0.016202,2.35534
523,1193750334117,1193752680086,1193752681215,1193752694677,2.34597,0.001129,0.013462,2.36056
524,1193783720365,1193786070149,1193786071241,1193786082241,2.34978,0.001092,0.011,2.36188
525,1193817000896,1193819361123,1193819362123,1193819374734,2.36023,0.001,0.012611,2.37384
526,1193850446638,1193852813438,1193852814642,1193852827030,2.3668,0.001204,0.012388,2.38039
527,1193883682431,1193886039510,1193886041454,1193886056453,2.35708,0.001944,0.014999,2.37402
528,1193917027939,1193919442625,1193919443865,1193919457790,2.41469,0.00124,0.013925,2.42985
529,1193951869566,1193955095011,1193955096863,1193955113103,3.22545,0.001852,0.01624,3.24354
530,1193983689493,1193986041535,1193986043517,1193986058738,2.35204,0.001982,0.015221,2.36924
531,1194016973246,1194019340991,1194019342268,1194019355230,2.36775,0.001277,0.012962,2.38198
532,1194050337900,1194052696257,1194052697646,1194052713941,2.35836,0.001389,0.016295,2.37604
533,1194083601691,1194085957363,1194085958493,1194085973121,2.35567,0.00113,0.014628,2.37143
534,1194116976086,1194119365144,1194119366237,1194119380551,2.38906,0.001093,0.014314,2.40447
535,1194150241599,1194152595308,1194152596493,1194152609696,2.35371,0.001185,0.013203,2.3681
536,1194183617123,1194186032161,1194186033291,1194186047419,2.41504,0.00113,0.014128,2.4303
537,1194216910505,1194219364225,1194219365244,1194219378965,2.45372,0.001019,0.013721,2.46846
538,1194250313231,1194252692253,1194252693493,1194252706307,2.37902,0.00124,0.012814,2.39308
539,1194283632259,1194286051611,1194286052500,1194286067018,2.41935,0.000889,0.014518,2.43476
540,1194316872792,1194319214743,1194319216002,1194319231427,2.34195,0.001259,0.015425,2.35864
541,1194350238780,1194352635838,1194352637060,1194352649689,2.39706,0.001222,0.012629,2.41091
542,1194383505738,1194385864761,1194385865742,1194385878945,2.35902,0.000981,0.013203,2.37321
543,1194416895853,1194419345093,1194419346648,1194419358036,2.44924,0.001555,0.011388,2.46218
544,1194450170107,1194452697896,1194452699433,1194452711821,2.52779,0.001537,0.012388,2.54171
545,1194483637995,1194486015961,1194486016776,1194486027294,2.37797,0.000815,0.010518,2.3893
546,1194516798867,1194519164556,1194519165704,1194519180333,2.36569,0.001148,0.014629,2.38147
547,1194550173243,1194552567708,1194552568838,1194552580226,2.39446,0.00113,0.011388,2.40698
548,1194583444182,1194585862349,1194585863405,1194585875811,2.41817,0.001056,0.012406,2.43163
549,1194616816854,1194619161008,1194619161749,1194619172748,2.34415,0.000741,0.010999,2.35589
550,1194650396624,1194653109326,1194653111585,1194653129714,2.7127,0.002259,0.018129,2.73309
551,1194683615362,1194686019586,1194686021290,1194686045899,2.40422,0.001704,0.024609,2.43054
552,1194716767068,1194719105426,1194719106426,1194719121555,2.33836,0.001,0.015129,2.35449
553,1194750130927,1194752484191,1194752485450,1194752497690,2.35326,0.001259,0.01224,2.36676
554,1194783408069,1194785799479,1194785800608,1194785813329,2.39141,0.001129,0.012721,2.40526
555,1194816788275,1194819183111,1194819184203,1194819197980,2.39484,0.001092,0.013777,2.40971
556,1194850076155,1194852649774,1194852650644,1194852663347,2.57362,0.00087,0.012703,2.58719
557,1194883498154,1194885864862,1194885866751,1194885883972,2.36671,0.001889,0.017221,2.38582
558,1194916717575,1194919072358,1194919073561,1194919085468,2.35478,0.001203,0.011907,2.36789
559,1194951874863,1194955190469,1194955192524,1194955221133,3.31561,0.002055,0.028609,3.34627
560,1194983421251,1194985804680,1194985806717,1194985826474,2.38343,0.002037,0.019757,2.40522
561,1195016707723,1195019088726,1195019089967,1195019113428,2.381,0.001241,0.023461,2.40571
562,1195050114261,1195052515188,1195052516188,1195052529521,2.40093,0.001,0.013333,2.41526
563,1195083354014,1195085704371,1195085705222,1195085719184,2.35036,0.000851,0.013962,2.36517
564,1195116708777,1195119067189,1195119068133,1195119081577,2.35841,0.000944,0.013444,2.3728
565,1195149986287,1195152329496,1195152330329,1195152342754,2.34321,0.000833,0.012425,2.35647
566,1195183348753,1195185706499,1195185707665,1195185719535,2.35775,0.001166,0.01187,2.37078
567,1195216632263,1195218972972,1195218973935,1195218987156,2.34071,0.000963,0.013221,2.35489
568,1195250020690,1195252391102,1195252392305,1195252403786,2.37041,0.001203,0.011481,2.3831
569,1195283277220,1195285630966,1195285631984,1195285644502,2.35375,0.001018,0.012518,2.36728
570,1195316654482,1195319014190,1195319015153,1195319028208,2.35971,0.000963,0.013055,2.37373
571,1195349905345,1195352281071,1195352281849,1195352292366,2.37573,0.000778,0.010517,2.38702
572,1195383263738,1195385605522,1195385606207,1195385617280,2.34178,0.000685,0.011073,2.35354
573,1195416552192,1195418897234,1195418898308,1195418909159,2.34504,0.001074,0.010851,2.35697
574,1195449966414,1195452355157,1195452356416,1195452367601,2.38874,0.001259,0.011185,2.40119
575,1195483194371,1195485557913,1195485558820,1195485570116,2.36354,0.000907,0.011296,2.37575
576,1195516576966,1195518923324,1195518924324,1195518939823,2.34636,0.001,0.015499,2.36286
577,1195549887474,1195552275939,1195552277013,1195552288087,2.38847,0.001074,0.011074,2.40061
578,1195583254773,1195585687310,1195585688273,1195585701476,2.43254,0.000963,0.013203,2.4467
579,1195616506044,1195618857845,1195618858790,1195618870585,2.3518,0.000945,0.011795,2.36454
580,1195650200803,1195652736703,1195652739073,1195652756368,2.5359,0.00237,0.017295,2.55557
581,1195683207794,1195685624072,1195685625720,1195685644349,2.41628,0.001648,0.018629,2.43655
582,1195716569983,1195718902212,1195718904230,1195718919951,2.33223,0.002018,0.015721,2.34997
583,1195749834086,1195752219404,1195752220681,1195752234217,2.38532,0.001277,0.013536,2.40013
584,1195783198404,1195785599610,1195785600684,1195785613535,2.40121,0.001074,0.012851,2.41513
585,1195816472727,1195818802030,1195818802974,1195818817010,2.3293,0.000944,0.014036,2.34428
586,1195849903890,1195852284782,1195852285967,1195852299373,2.38089,0.001185,0.013406,2.39548
587,1195883145992,1195885512755,1195885514625,1195885530679,2.36676,0.00187,0.016054,2.38469
588,1195916474458,1195918820667,1195918821759,1195918834296,2.34621,0.001092,0.012537,2.35984
589,1195951739884,1195955233699,1195955234958,1195955259790,3.49382,0.001259,0.024832,3.51991
590,1195983163592,1195985497672,1195985498746,1195985513782,2.33408,0.001074,0.015036,2.35019
591,1196016423434,1196018805677,1196018807103,1196018823546,2.38224,0.001426,0.016443,2.40011
592,1196049816821,1196052171085,1196052172289,1196052186140,2.35426,0.001204,0.013851,2.36932
593,1196083069793,1196085480109,1196085481146,1196085496256,2.41032,0.001037,0.01511,2.42646
594,1196116473199,1196118841591,1196118842350,1196118857220,2.36839,0.000759,0.01487,2.38402
595,1196149719319,1196152086545,1196152087656,1196152101414,2.36723,0.001111,0.013758,2.3821
596,1196183102466,1196185495468,1196185496265,1196185530651,2.393,0.000797,0.034386,2.42819
597,1196216366715,1196218763328,1196218764235,1196218779456,2.39661,0.000907,0.015221,2.41274
598,1196249798470,1196252167622,1196252169233,1196252184251,2.36915,0.001611,0.015018,2.38578
599,1196283022074,1196285430612,1196285431519,1196285444000,2.40854,0.000907,0.012481,2.42193
600,1196316397592,1196318758300,1196318759189,1196318774929,2.36071,0.000889,0.01574,2.37734
601,1196349659934,1196352029104,1196352030030,1196352043899,2.36917,0.000926,0.013869,2.38396
602,1196383032249,1196385420899,1196385421714,1196385435380,2.38865,0.000815,0.013666,2.40313
603,1196416303015,1196418678389,1196418679593,1196418692462,2.37537,0.001204,0.012869,2.38945
604,1196449695588,1196452089016,1196452090387,1196452103886,2.39343,0.001371,0.013499,2.4083
605,1196482952689,1196485417020,1196485417890,1196485430556,2.46433,0.00087,0.012666,2.47787
606,1196516328208,1196518699804,1196518701008,1196518716395,2.3716,0.001204,0.015387,2.38819
607,1196549622028,1196551970811,1196551971867,1196551984496,2.34878,0.001056,0.012629,2.36247
608,1196582970901,1196585350904,1196585351941,1196585368032,2.38,0.001037,0.016091,2.39713
609,1196616255500,1196618620337,1196618621356,1196618634947,2.36484,0.001019,0.013591,2.37945
610,1196650748756,1196653209032,1196653210735,1196653229660,2.46028,0.001703,0.018925,2.4809
611,1196682979872,1196685432055,1196685433592,1196685454443,2.45218,0.001537,0.020851,2.47457
612,1196716230066,1196718573220,1196718574590,1196718591681,2.34315,0.00137,0.017091,2.36162
613,1196749617751,1196751986643,1196751988254,1196752013956,2.36889,0.001611,0.025702,2.39621
614,1196782872148,1196785284445,1196785285649,1196785298055,2.4123,0.001204,0.012406,2.42591
615,1196816250498,1196818602817,1196818603872,1196818617260,2.35232,0.001055,0.013388,2.36676
616,1196849655697,1196852046421,1196852047791,1196852059753,2.39072,0.00137,0.011962,2.40406
617,1196882920850,1196885298556,1196885300223,1196885318203,2.37771,0.001667,0.01798,2.39735
618,1196916174504,1196918545877,1196918546988,1196918559876,2.37137,0.001111,0.012888,2.38537
619,1196951699446,1196955152504,1196955154171,1196955173095,3.45306,0.001667,0.018924,3.47365
620,1196982894427,1196985245542,1196985246746,1196985261467,2.35112,0.001204,0.014721,2.36704
621,1197016156099,1197018507974,1197018509603,1197018526324,2.35188,0.001629,0.016721,2.37023
622,1197049552428,1197051991445,1197051992704,1197052013462,2.43902,0.001259,0.020758,2.46103
623,1197082804397,1197085199343,1197085200472,1197085214175,2.39495,0.001129,0.013703,2.40978
624,1197116165525,1197118530288,1197118531158,1197118546157,2.36476,0.00087,0.014999,2.38063
625,1197149501673,1197151887731,1197151888712,1197151900100,2.38606,0.000981,0.011388,2.39843
626,1197182774344,1197185165291,1197185166198,1197185178716,2.39095,0.000907,0.012518,2.40437
627,1197216163137,1197218521123,1197218522086,1197218535085,2.35799,0.000963,0.012999,2.37195
628,1197249415587,1197251768962,1197251769833,1197251781147,2.35338,0.000871,0.011314,2.36556
629,1197282806362,1197285164329,1197285165218,1197285183827,2.35797,0.000889,0.018609,2.37746
630,1197316077107,1197318439018,1197318439815,1197318452073,2.36191,0.000797,0.012258,2.37497
631,1197349467307,1197351860994,1197351861883,1197351873067,2.39369,0.000889,0.011184,2.40576
632,1197382724294,1197385088150,1197385088983,1197385100149,2.36386,0.000833,0.011166,2.37586
633,1197416080941,1197418418817,1197418420132,1197418431964,2.33788,0.001315,0.011832,2.35102
634,1197449388906,1197451748299,1197451749484,1197451762391,2.35939,0.001185,0.012907,2.37349
635,1197482749145,1197485127370,1197485128222,1197485139795,2.37823,0.000852,0.011573,2.39065
636,1197515999077,1197518378117,1197518378932,1197518393560,2.37904,0.000815,0.014628,2.39448
637,1197549382556,1197551724820,1197551725690,1197551737690,2.34226,0.00087,0.012,2.35513
638,1197582647227,1197585003009,1197585003991,1197585014935,2.35578,0.000982,0.010944,2.36771
639,1197615998856,1197618353490,1197618354694,1197618366119,2.35463,0.001204,0.011425,2.36726
640,1197650461630,1197652929349,1197652930849,1197652950015,2.46772,0.0015,0.019166,2.48839
641,1197682723353,1197685206774,1197685207922,1197685228662,2.48342,0.001148,0.02074,2.50531
642,1197715958304,1197718362805,1197718364009,1197718376564,2.4045,0.001204,0.012555,2.41826
643,1197749315710,1197751669530,1197751670696,1197751685047,2.35382,0.001166,0.014351,2.36934
644,1197782608917,1197785004141,1197785005289,1197785019214,2.39522,0.001148,0.013925,2.4103
645,1197815974024,1197818322251,1197818323381,1197818338657,2.34823,0.00113,0.015276,2.36463
646,1197849287393,1197851651305,1197851652490,1197851667933,2.36391,0.001185,0.015443,2.38054
647,1197882656703,1197885014208,1197885015893,1197885038391,2.35751,0.001685,0.022498,2.38169
648,1197915902929,1197918278784,1197918279988,1197918292116,2.37586,0.001204,0.012128,2.38919
649,1197950730435,1197954124349,1197954126608,1197954153032,3.39391,0.002259,0.026424,3.4226
650,1197982649252,1197985043661,1197985044809,1197985059845,2.39441,0.001148,0.015036,2.41059
651,1198015937475,1198018284591,1198018285721,1198018304220,2.34712,0.00113,0.018499,2.36674
652,1198049215884,1198051538076,1198051539206,1198051554186,2.32219,0.00113,0.01498,2.3383
653,1198082596601,1198085023267,1198085024693,1198085038618,2.42667,0.001426,0.013925,2.44202
654,1198115869603,1198118312805,1198118314138,1198118342395,2.4432,0.001333,0.028257,2.47279
655,1198149246486,1198151640654,1198151641877,1198151654987,2.39417,0.001223,0.01311,2.4085
656,1198182585946,1198184966541,1198184967764,1198184983577,2.3806,0.001223,0.015813,2.39763
657,1198215887687,1198218243728,1198218244784,1198218260671,2.35604,0.001056,0.015887,2.37298
658,1198249208593,1198251564856,1198251566097,1198251578022,2.35626,0.001241,0.011925,2.36943
659,1198282544498,1198284899743,1198284900854,1198284915649,2.35525,0.001111,0.014795,2.37115
660,1198315818111,1198318268849,1198318269830,1198318283218,2.45074,0.000981,0.013388,2.46511
661,1198349193679,1198351747522,1198351748596,1198351762391,2.55384,0.001074,0.013795,2.56871
662,1198382575748,1198384991729,1198384992933,1198385003580,2.41598,0.001204,0.010647,2.42783
663,1198415829936,1198418185274,1198418187033,1198418202569,2.35534,0.001759,0.015536,2.37263
664,1198449121399,1198451502994,1198451504068,1198451517956,2.38159,0.001074,0.013888,2.39656
665,1198482492987,1198484861694,1198484862953,1198484877323,2.36871,0.001259,0.01437,2.38434
666,1198515770877,1198518134511,1198518135733,1198518157083,2.36363,0.001222,0.02135,2.38621
667,1198549130299,1198551640922,1198551642089,1198551656440,2.51062,0.001167,0.014351,2.52614
668,1198582541143,1198584943459,1198584944792,1198584957606,2.40232,0.001333,0.012814,2.41646
669,1198615719559,1198618080081,1198618080933,1198618092544,2.36052,0.000852,0.011611,2.37298
670,1198650233438,1198652669122,1198652670566,1198652719082,2.43568,0.001444,0.048516,2.48564
671,1198682464308,1198684813220,1198684814572,1198684831608,2.34891,0.001352,0.017036,2.3673
672,1198715713571,1198718084093,1198718085241,1198718100129,2.37052,0.001148,0.014888,2.38656
673,1198749079270,1198751473846,1198751475346,1198751488308,2.39458,0.0015,0.012962,2.40904
674,1198782344069,1198784718997,1198784719942,1198784732700,2.37493,0.000945,0.012758,2.38863
675,1198815714728,1198818075047,1198818076010,1198818090064,2.36032,0.000963,0.014054,2.37534
676,1198848992653,1198851386506,1198851387506,1198851400135,2.39385,0.001,0.012629,2.40748
677,1198882416901,1198884784534,1198884786478,1198884799792,2.36763,0.001944,0.013314,2.38289
678,1198915639774,1198918002555,1198918003796,1198918017536,2.36278,0.001241,0.01374,2.37776
679,1198950962946,1198954420819,1198954422096,1198954441169,3.45787,0.001277,0.019073,3.47822
680,1198982338965,1198984725986,1198984727467,1198984743318,2.38702,0.001481,0.015851,2.40435
681,1199015675293,1199018045296,1199018046426,1199018062962,2.37,0.00113,0.016536,2.38767
682,1199048986623,1199051337128,1199051338276,1199051354275,2.35051,0.001148,0.015999,2.36765
683,1199082333136,1199084761524,1199084762783,1199084777041,2.42839,0.001259,0.014258,2.4439
684,1199115589951,1199117941566,1199117942770,1199117956843,2.35161,0.001204,0.014073,2.36689
685,1199148962665,1199151300856,1199151301911,1199151315336,2.33819,0.001055,0.013425,2.35267
686,1199182272236,1199184673255,1199184674366,1199184688162,2.40102,0.001111,0.013796,2.41593
687,1199215618545,1199217974160,1199217975086,1199217989140,2.35561,0.000926,0.014054,2.37059
688,1199248906302,1199251295582,1199251296452,1199251308988,2.38928,0.00087,0.012536,2.40269
689,1199282282128,1199284697590,1199284698609,1199284711608,2.41546,0.001019,0.012999,2.42948
690,1199315551016,1199317909649,1199317910723,1199317924537,2.35863,0.001074,0.013814,2.37352
691,1199348924508,1199351269328,1199351270457,1199351283827,2.34482,0.001129,0.01337,2.35932
692,1199382208303,1199384596268,1199384597397,1199384608193,2.38796,0.001129,0.010796,2.39989
693,1199415514948,1199417917300,1199417918689,1199417932448,2.40235,0.001389,0.013759,2.4175
694,1199448834147,1199451188985,1199451190207,1199451204928,2.35484,0.001222,0.014721,2.37078
695,1199482152310,1199484542590,1199484543923,1199484557274,2.39028,0.001333,0.013351,2.40496
696,1199515452344,1199517829421,1199517830458,1199517841550,2.37708,0.001037,0.011092,2.38921
697,1199548776822,1199551179433,1199551180415,1199551193358,2.40261,0.000982,0.012943,2.41654
698,1199582067060,1199584424879,1199584426064,1199584438600,2.35782,0.001185,0.012536,2.37154
699,1199615455681,1199617926196,1199617927214,1199617940213,2.47051,0.001018,0.012999,2.48453
700,1199649386320,1199652057821,1199652059358,1199652077856,2.6715,0.001537,0.018498,2.69154
701,1199682258347,1199684771266,1199684773395,1199684792375,2.51292,0.002129,0.01898,2.53403
702,1199715433427,1199717815688,1199717817392,1199717834316,2.38226,0.001704,0.016924,2.40089
703,1199748807141,1199751189532,1199751190995,1199751202883,2.38239,0.001463,0.011888,2.39574
704,1199782079733,1199784480382,1199784481808,1199784497399,2.40065,0.001426,0.015591,2.41767
705,1199815452353,1199817823522,1199817824615,1199817839151,2.37117,0.001093,0.014536,2.3868
706,1199848773012,1199851188105,1199851189068,1199851203363,2.41509,0.000963,0.014295,2.43035
707,1199882154168,1199884540633,1199884542059,1199884555687,2.38646,0.001426,0.013628,2.40152
708,1199915376446,1199917734357,1199917735209,1199917749097,2.35791,0.000852,0.013888,2.37265
709,1199949447480,1199953049990,1199953052397,1199953081803,3.60251,0.002407,0.029406,3.63432
710,1199982118388,1199984497650,1199984499446,1199984516723,2.37926,0.001796,0.017277,2.39833
711,1200015370590,1200017772517,1200017773887,1200017788867,2.40193,0.00137,0.01498,2.41828
712,1200048739821,1200051074807,1200051075567,1200051089843,2.33499,0.00076,0.014276,2.35002
713,1200082023705,1200084397467,1200084398282,1200084412225,2.37376,0.000815,0.013943,2.38852
714,1200115374937,1200117744625,1200117745421,1200117760050,2.36969,0.000796,0.014629,2.38511
715,1200148646137,1200150975550,1200150976643,1200150999438,2.32941,0.001093,0.022795,2.3533
716,1200182037218,1200184411758,1200184412684,1200184426960,2.37454,0.000926,0.014276,2.38974
717,1200215296308,1200217648590,1200217649609,1200217664737,2.35228,0.001019,0.015128,2.36843
718,1200248702166,1200251109759,1200251110796,1200251123758,2.40759,0.001037,0.012962,2.42159
719,1200281962460,1200284307538,1200284308464,1200284322000,2.34508,0.000926,0.013536,2.35954
720,1200315324487,1200317693601,1200317694601,1200317710044,2.36911,0.001,0.015443,2.38556
721,1200348604650,1200350948228,1200350949154,1200350964357,2.34358,0.000926,0.015203,2.35971
722,1200381987361,1200384350031,1200384351142,1200384361826,2.36267,0.001111,0.010684,2.37446
723,1200415254506,1200417604158,1200417605214,1200417618398,2.34965,0.001056,0.013184,2.36389
724,1200448606182,1200450945354,1200450946520,1200450958816,2.33917,0.001166,0.012296,2.35263
725,1200481891548,1200484263606,1200484264699,1200484276717,2.37206,0.001093,0.012018,2.38517
726,1200515242039,1200517588118,1200517589081,1200517600302,2.34608,0.000963,0.011221,2.35826
727,1200548626491,1200551028547,1200551029862,1200551052675,2.40206,0.001315,0.022813,2.42618
728,1200581934189,1200584372298,1200584373668,1200584388593,2.43811,0.00137,0.014925,2.4544
729,1200615191798,1200617583891,1200617584984,1200617597983,2.39209,0.001093,0.012999,2.40618
730,1200649117230,1200651899446,1200651900760,1200651918648,2.78222,0.001314,0.017888,2.80142
731,1200681890261,1200684276393,1200684278282,1200684298539,2.38613,0.001889,0.020257,2.40828
732,1200715209884,1200717562888,1200717564555,1200717581461,2.353,0.001667,0.016906,2.37158
733,1200748491028,1200750827256,1200750828441,1200750845310,2.33623,0.001185,0.016869,2.35428
734,1200781854759,1200784252594,1200784254075,1200784272463,2.39784,0.001481,0.018388,2.4177
735,1200815133901,1200817494183,1200817495720,1200817510182,2.36028,0.001537,0.014462,2.37628
736,1200848512647,1200850889187,1200850890298,1200850906519,2.37654,0.001111,0.016221,2.39387
737,1200881835027,1200884195771,1200884197456,1200884213140,2.36074,0.001685,0.015684,2.37811
738,1200915156906,1200917515132,1200917516576,1200917531445,2.35823,0.001444,0.014869,2.37454
739,1200949193069,1200952771118,1200952774507,1200952877444,3.57805,0.003389,0.102937,3.68438
740,1200981851050,1200984201443,1200984203295,1200984220423,2.35039,0.001852,0.017128,2.36937
741,1201015104008,1201017470456,1201017472011,1201017489029,2.36645,0.001555,0.017018,2.38502
742,1201048490143,1201050886625,1201050887551,1201050904735,2.39648,0.000926,0.017184,2.41459
743,1201081756859,1201084115122,1201084116307,1201084130954,2.35826,0.001185,0.014647,2.3741
744,1201115104885,1201117461333,1201117462351,1201117475591,2.35645,0.001018,0.01324,2.37071
745,1201148384545,1201150752529,1201150753548,1201150767028,2.36798,0.001019,0.01348,2.38248
746,1201181800362,1201184187493,1201184188623,1201184206937,2.38713,0.00113,0.018314,2.40658
747,1201215035155,1201217402121,1201217403473,1201217417731,2.36697,0.001352,0.014258,2.38258
748,1201248413012,1201250754795,1201250755665,1201250769775,2.34178,0.00087,0.01411,2.35676
749,1201281708301,1201284068508,1201284069471,1201284082174,2.36021,0.000963,0.012703,2.37387
750,1201315067696,1201317432458,1201317433329,1201317447439,2.36476,0.000871,0.01411,2.37974
751,1201348334468,1201350679639,1201350680454,1201350694323,2.34517,0.000815,0.013869,2.35986
752,1201381712251,1201384083365,1201384084513,1201384102012,2.37111,0.001148,0.017499,2.38976
753,1201414985449,1201417402763,1201417403892,1201417416743,2.41731,0.001129,0.012851,2.43129
754,1201448373046,1201450736104,1201450737345,1201450750474,2.36306,0.001241,0.013129,2.37743
755,1201481631281,1201483979174,1201483980119,1201483992174,2.34789,0.000945,0.012055,2.36089
756,1201514983825,1201517348791,1201517349791,1201517362679,2.36497,0.001,0.012888,2.37885
757,1201548261023,1201550609934,1201550610823,1201550622692,2.34891,0.000889,0.011869,2.36167
758,1201581613215,1201583966496,1201583967404,1201583979051,2.35328,0.000908,0.011647,2.36584
759,1201614901707,1201617282450,1201617283339,1201617295079,2.38074,0.000889,0.01174,2.39337
760,1201648695239,1201651652979,1201651654794,1201651674848,2.95774,0.001815,0.020054,2.97961
761,1201681622424,1201684070514,1201684072514,1201684088864,2.44809,0.002,0.01635,2.46644
762,1201714940174,1201717338267,1201717340063,1201717354266,2.39809,0.001796,0.014203,2.41409
763,1201748207539,1201750577671,1201750578763,1201750593096,2.37013,0.001092,0.014333,2.38556
764,1201781579155,1201783977860,1201783979174,1201783994710,2.39871,0.001314,0.015536,2.41555
765,1201814842444,1201817200892,1201817202040,1201817213039,2.35845,0.001148,0.010999,2.37059
766,1201848238464,1201850621373,1201850622484,1201850635187,2.38291,0.001111,0.012703,2.39672
767,1201881560007,1201883961304,1201883963193,1201883977636,2.4013,0.001889,0.014443,2.41763
768,1201914870996,1201917244368,1201917245424,1201917257979,2.37337,0.001056,0.012555,2.38698
769,1201948857938,1201952631491,1201952634935,1201952657545,3.77355,0.003444,0.02261,3.79961
770,1201981596003,1201984019039,1201984020724,1201984040649,2.42304,0.001685,0.019925,2.44465
771,1202014830367,1202017229497,1202017230534,1202017245811,2.39913,0.001037,0.015277,2.41544
772,1202048187297,1202050540356,1202050541356,1202050553430,2.35306,0.001,0.012074,2.36613
773,1202081495027,1202083821014,1202083822069,1202083836050,2.32599,0.001055,0.013981,2.34102
774,1202114849698,1202117264660,1202117265734,1202117278566,2.41496,0.001074,0.012832,2.42887
775,1202148124300,1202150511968,1202150512968,1202150526245,2.38767,0.001,0.013277,2.40194
776,1202181512357,1202183835215,1202183836270,1202183846825,2.32286,0.001055,0.010555,2.33447
777,1202214777238,1202217152222,1202217153222,1202217166591,2.37498,0.001,0.013369,2.38935
778,1202248181239,1202250577221,1202250578332,1202250594127,2.39598,0.001111,0.015795,2.41289
779,1202281432176,1202283769162,1202283769940,1202283784235,2.33699,0.000778,0.014295,2.35206
780,1202314799216,1202317173330,1202317174274,1202317191051,2.37411,0.000944,0.016777,2.39183
781,1202348070245,1202350416379,1202350417397,1202350431285,2.34613,0.001018,0.013888,2.36104
782,1202381449932,1202383788715,1202383789474,1202383802455,2.33878,0.000759,0.012981,2.35252
783,1202414715609,1202417074761,1202417075909,1202417094333,2.35915,0.001148,0.018424,2.37872
784,1202448075761,1202450416488,1202450417358,1202450430654,2.34073,0.00087,0.013296,2.35489
785,1202481363437,1202483742290,1202483743142,1202483754290,2.37885,0.000852,0.011148,2.39085
786,1202514735329,1202517107238,1202517108183,1202517120793,2.37191,0.000945,0.01261,2.38546
787,1202547988821,1202550348010,1202550349010,1202550361249,2.35919,0.001,0.012239,2.37243
788,1202581354639,1202583726975,1202583727956,1202583740011,2.37234,0.000981,0.012055,2.38537
789,1202614630019,1202616990208,1202616991189,1202617008373,2.36019,0.000981,0.017184,2.37835
790,1202648336425,1202651472375,1202651473689,1202651494725,3.13595,0.001314,0.021036,3.1583
791,1202681358286,1202683818837,1202683820578,1202683837947,2.46055,0.001741,0.017369,2.47966
792,1202714674496,1202717065201,1202717066867,1202717081681,2.39071,0.001666,0.014814,2.40719
793,1202747946784,1202750304398,1202750305694,1202750319212,2.35761,0.001296,0.013518,2.37243
794,1202781318768,1202783654995,1202783656125,1202783670050,2.33623,0.00113,0.013925,2.35128
795,1202814603997,1202816983610,1202816984758,1202816997405,2.37961,0.001148,0.012647,2.39341
796,1202847972072,1202850351222,1202850352351,1202850365387,2.37915,0.001129,0.013036,2.39331
797,1202881322685,1202883647413,1202883648950,1202883667800,2.32473,0.001537,0.01885,2.34511
798,1202914640578,1202917053781,1202917054781,1202917067780,2.4132,0.001,0.012999,2.4272
799,1202948518414,1202952097554,1202952100276,1202952127737,3.57914,0.002722,0.027461,3.60932
800,1202981317176,1202983670976,1202983672772,1202983694363,2.3538,0.001796,0.021591,2.37719
801,1203014561648,1203016916225,1203016917522,1203016931632,2.35458,0.001297,0.01411,2.36998
802,1203047960572,1203050386904,1203050387867,1203050403255,2.42633,0.000963,0.015388,2.44268
803,1203081223988,1203083560289,1203083561066,1203083573566,2.3363,0.000777,0.0125,2.34958
804,1203114567823,1203116946158,1203116947066,1203116958769,2.37833,0.000908,0.011703,2.39095
805,1203147846052,1203150189945,1203150191279,1203150205426,2.34389,0.001334,0.014147,2.35937
806,1203181242051,1203183620145,1203183620923,1203183634293,2.37809,0.000778,0.01337,2.39224
807,1203214498448,1203216907207,1203216908374,1203216920095,2.40876,0.001167,0.011721,2.42165
808,1203247864912,1203250203750,1203250204713,1203250217601,2.33884,0.000963,0.012888,2.35269
809,1203281180639,1203283516088,1203283517051,1203283528772,2.33545,0.000963,0.011721,2.34813
810,1203314526752,1203316922289,1203316923252,1203316935307,2.39554,0.000963,0.012055,2.40855
811,1203347790926,1203350145948,1203350146781,1203350156947,2.35502,0.000833,0.010166,2.36602
812,1203381179407,1203383527411,1203383528207,1203383540373,2.348,0.000796,0.012166,2.36097
813,1203414426379,1203416762013,1203416763458,1203416774049,2.33563,0.001445,0.010591,2.34767
814,1203447823970,1203450178548,1203450179696,1203450194250,2.35458,0.001148,0.014554,2.37028
815,1203481095922,1203483474350,1203483475349,1203483486960,2.37843,0.000999,0.011611,2.39104
816,1203514461997,1203516877440,1203516878718,1203516891328,2.41544,0.001278,0.01261,2.42933
817,1203547723875,1203550072564,1203550073768,1203550085471,2.34869,0.001204,0.011703,2.3616
818,1203581089857,1203583421677,1203583422696,1203583434213,2.33182,0.001019,0.011517,2.34436
819,1203614368327,1203616718072,1203616719423,1203616729404,2.34974,0.001351,0.009981,2.36108
820,1203647792898,1203650974603,1203650976085,1203651000287,3.18171,0.001482,0.024202,3.20739
821,1203681118957,1203683569139,1203683571065,1203683586415,2.45018,0.001926,0.01535,2.46746
822,1203714443405,1203716836202,1203716837850,1203716850164,2.3928,0.001648,0.012314,2.40676
823,1203747696099,1203750111857,1203750112876,1203750123505,2.41576,0.001019,0.010629,2.42741
824,1203781080265,1203783469488,1203783470396,1203783483580,2.38922,0.000908,0.013184,2.40332
825,1203814332012,1203816821154,1203816822895,1203816834487,2.48914,0.001741,0.011592,2.50248
826,1203847658236,1203850142508,1203850143600,1203850165284,2.48427,0.001092,0.021684,2.50705
827,1203881046677,1203883605203,1203883606721,1203883625498,2.55853,0.001518,0.018777,2.57882
828,1203914316904,1203916756901,1203916757938,1203916772826,2.44,0.001037,0.014888,2.45592
829,1203948258603,1203951145328,1203951147680,1203951173382,2.88673,0.002352,0.025702,2.91478
830,1203981984539,1203984365114,1203984367299,1203984383428,2.38057,0.002185,0.016129,2.39889
831,1204014313035,1204016672853,1204016674167,1204016690759,2.35982,0.001314,0.016592,2.37772
832,1204047598465,1204049975596,1204049977059,1204049994947,2.37713,0.001463,0.017888,2.39648
833,1204080936039,1204083406553,1204083407775,1204083422940,2.47051,0.001222,0.015165,2.4869
834,1204114237819,1204116791735,1204116792883,1204116808085,2.55392,0.001148,0.015202,2.57027
835,1204147571468,1204149964376,1204149965376,1204149982116,2.39291,0.001,0.01674,2.41065
836,1204180894266,1204183274489,1204183275582,1204183292636,2.38022,0.001093,0.017054,2.39837
837,1204214193139,1204216601712,1204216602712,1204216617082,2.40857,0.001,0.01437,2.42394
838,1204247557359,1204249933028,1204249934176,1204249951749,2.37567,0.001148,0.017573,2.39439
839,1204280892786,1204283335153,1204283336227,1204283351930,2.44237,0.001074,0.015703,2.45914
840,1204314407514,1204316891916,1204316893360,1204316904711,2.4844,0.001444,0.011351,2.4972
841,1204347531566,1204349962768,1204349964008,1204349975971,2.4312,0.00124,0.011963,2.44441
842,1204380868381,1204383261030,1204383262030,1204383276270,2.39265,0.001,0.01424,2.40789
843,1204414168514,1204416583846,1204416585179,1204416599252,2.41533,0.001333,0.014073,2.43074
844,1204447508940,1204449902921,1204449904625,1204449917772,2.39398,0.001704,0.013147,2.40883
845,1204480868901,1204483256402,1204483257680,1204483269901,2.3875,0.001278,0.012221,2.401
846,1204514160090,1204516532462,1204516533740,1204516549053,2.37237,0.001278,0.015313,2.38896
847,1204547557493,1204549902867,1204549904108,1204549923033,2.34537,0.001241,0.018925,2.36554
848,1204580817202,1204583152318,1204583153355,1204583169169,2.33512,0.001037,0.015814,2.35197
849,1204614139759,1204616546759,1204616547759,1204616565591,2.407,0.001,0.017832,2.42583
850,1204647581919,1204650932908,1204650934538,1204650958055,3.35099,0.00163,0.023517,3.37614
851,1204680869830,1204683252220,1204683254109,1204683273200,2.38239,0.001889,0.019091,2.40337
852,1204714179554,1204716555685,1204716557426,1204716570592,2.37613,0.001741,0.013166,2.39104
853,1204747429727,1204749786489,1204749787711,1204749800451,2.35676,0.001222,0.01274,2.37072
854,1204780812243,1204783192818,1204783193948,1204783207873,2.38057,0.00113,0.013925,2.39563
855,1204814081671,1204816444933,1204816445896,1204816458803,2.36326,0.000963,0.012907,2.37713
856,1204847451037,1204849807448,1204849808429,1204849820984,2.35641,0.000981,0.012555,2.36995
857,1204880822847,1204883158278,1204883159777,1204883180646,2.33543,0.001499,0.020869,2.3578
858,1204914114515,1204916471240,1204916472703,1204916485517,2.35672,0.001463,0.012814,2.371
859,1204947963606,1204951478214,1204951480473,1204951502786,3.51461,0.002259,0.022313,3.53918
860,1204980796584,1204983109756,1204983111367,1204983127662,2.31317,0.001611,0.016295,2.33108
861,1205014036903,1205016396035,1205016397998,1205016413145,2.35913,0.001963,0.015147,2.37624
862,1205047436285,1205049850136,1205049851525,1205049867616,2.41385,0.001389,0.016091,2.43133
863,1205080706158,1205083044143,1205083045236,1205083059939,2.33799,0.001093,0.014703,2.35378
864,1205114063635,1205116466598,1205116467728,1205116481393,2.40296,0.00113,0.013665,2.41776
865,1205147330897,1205149689178,1205149690178,1205149705029,2.35828,0.001,0.014851,2.37413
866,1205180716466,1205183056821,1205183057933,1205183071969,2.34036,0.001112,0.014036,2.3555
867,1205213977117,1205216317287,1205216318621,1205216330324,2.34017,0.001334,0.011703,2.35321
868,1205247345094,1205249704208,1205249705374,1205249718299,2.35911,0.001166,0.012925,2.37321
869,1205280630447,1205282975136,1205282976136,1205282988987,2.34469,0.001,0.012851,2.35854
870,1205313992943,1205316351982,1205316352927,1205316363759,2.35904,0.000945,0.010832,2.37082
871,1205347264149,1205349650890,1205349651946,1205349662797,2.38674,0.001056,0.010851,2.39865
872,1205380626645,1205382995906,1205382997128,1205383008257,2.36926,0.001222,0.011129,2.38161
873,1205413905424,1205416264093,1205416265260,1205416276222,2.35867,0.001167,0.010962,2.3708
874,1205447294326,1205449685400,1205449686270,1205449698529,2.39107,0.00087,0.012259,2.4042
875,1205480565643,1205482899092,1205482899980,1205482912183,2.33345,0.000888,0.012203,2.34654
876,1205513915047,1205516283364,1205516284678,1205516295733,2.36832,0.001314,0.011055,2.38069
877,1205547213066,1205549674117,1205549674987,1205549692023,2.46105,0.00087,0.017036,2.47896
878,1205580613226,1205583029447,1205583030502,1205583044260,2.41622,0.001055,0.013758,2.43103
879,1205613860896,1205616241620,1205616242749,1205616256507,2.38072,0.001129,0.013758,2.39561
880,1205647247668,1205650354360,1205650355434,1205650376062,3.10669,0.001074,0.020628,3.12839
881,1205680592462,1205683046495,1205683048235,1205683063697,2.45403,0.00174,0.015462,2.47124
882,1205713886462,1205716249576,1205716250872,1205716264075,2.36311,0.001296,0.013203,2.37761
883,1205747176759,1205749547428,1205749548335,1205749561853,2.37067,0.000907,0.013518,2.38509
884,1205780540533,1205782932774,1205782933830,1205782946607,2.39224,0.001056,0.012777,2.40607
885,1205813811367,1205816190349,1205816191534,1205816204293,2.37898,0.001185,0.012759,2.39293
886,1205847227338,1205849622838,1205849623745,1205849634985,2.3955,0.000907,0.01124,2.40765
887,1205880516447,1205882932557,1205882934390,1205882949611,2.41611,0.001833,0.015221,2.43316
888,1205913815556,1205916205057,1205916206186,1205916225426,2.3895,0.001129,0.01924,2.40987
889,1205947497065,1205951330816,1205951333279,1205951353500,3.83375,0.002463,0.020221,3.85643
890,1205980534914,1205982939969,1205982942024,1205982958523,2.40505,0.002055,0.016499,2.42361
891,1206013764213,1206016113623,1206016114883,1206016129789,2.34941,0.00126,0.014906,2.36558
892,1206047140224,1206049492023,1206049493023,1206049506522,2.3518,0.001,0.013499,2.3663
893,1206080438166,1206082756060,1206082757208,1206082771911,2.31789,0.001148,0.014703,2.33374
894,1206113792586,1206116181234,1206116182271,1206116193326,2.38865,0.001037,0.011055,2.40074
895,1206147076474,1206149418496,1206149419366,1206149432106,2.34202,0.00087,0.01274,2.35563
896,1206180514406,1206182841948,1206182842948,1206182861687,2.32754,0.001,0.018739,2.34728
897,1206213728521,1206216118373,1206216119299,1206216130928,2.38985,0.000926,0.011629,2.40241
898,1206247128901,1206249496347,1206249497365,1206249511679,2.36745,0.001018,0.014314,2.38278
899,1206280388494,1206282765606,1206282766606,1206282781216,2.37711,0.001,0.01461,2.39272
900,1206313745599,1206316099435,1206316100564,1206316120230,2.35384,0.001129,0.019666,2.37463
901,1206347014154,1206349369546,1206349370601,1206349384156,2.35539,0.001055,0.013555,2.37
902,1206380386869,1206382772203,1206382773666,1206382786054,2.38533,0.001463,0.012388,2.39919
903,1206413656110,1206416017297,1206416018815,1206416031537,2.36119,0.001518,0.012722,2.37543
904,1206447009641,1206449374976,1206449375920,1206449387290,2.36533,0.000944,0.01137,2.37765
905,1206480299806,1206482632699,1206482633884,1206482645661,2.33289,0.001185,0.011777,2.34585
906,1206513645856,1206516041226,1206516042522,1206516059447,2.39537,0.001296,0.016925,2.41359
907,1206546950131,1206549318374,1206549319336,1206549331002,2.36824,0.000962,0.011666,2.38087
908,1206580300977,1206582647684,1206582648739,1206582661016,2.34671,0.001055,0.012277,2.36004
909,1206613576402,1206615911555,1206615912666,1206615924498,2.33515,0.001111,0.011832,2.3481
910,1206646972634,1206650110879,1206650112193,1206650132655,3.13824,0.001314,0.020462,3.16002
911,1206680295056,1206682771291,1206682772865,1206682789438,2.47623,0.001574,0.016573,2.49438
912,1206713608738,1206716021663,1206716023237,1206716038236,2.41292,0.001574,0.014999,2.4295
913,1206746876553,1206749303625,1206749304643,1206749316457,2.42707,0.001018,0.011814,2.4399
914,1206780252564,1206782655397,1206782656248,1206782667470,2.40283,0.000851,0.011222,2.41491
915,1206813518729,1206815869676,1206815870417,1206815882323,2.35095,0.000741,0.011906,2.36359
916,1206846879645,1206849225260,1206849226075,1206849237759,2.34562,0.000815,0.011684,2.35811
917,1206880532894,1206882932282,1206882933597,1206882950003,2.39939,0.001315,0.016406,2.41711
918,1206913501023,1206915866451,1206915867377,1206915881339,2.36543,0.000926,0.013962,2.38032
919,1206946857792,1206950711320,1206950714172,1206950739226,3.85353,0.002852,0.025054,3.88143
920,1206980208395,1206982579749,1206982582045,1206982603062,2.37135,0.002296,0.021017,2.39467
921,1207013531037,1207015860819,1207015861763,1207015878059,2.32978,0.000944,0.016296,2.34702
922,1207046832884,1207049222810,1207049223884,1207049239161,2.38993,0.001074,0.015277,2.40628
923,1207080145397,1207082514750,1207082515565,1207082531638,2.36935,0.000815,0.016073,2.38624
924,1207113438744,1207115814264,1207115815171,1207115830855,2.37552,0.000907,0.015684,2.39211
925,1207146775033,1207149191680,1207149192606,1207149205271,2.41665,0.000926,0.012665,2.43024
926,1207180076399,1207182494527,1207182495545,1207182508655,2.41813,0.001018,0.01311,2.43226
927,1207213507903,1207215839167,1207215840037,1207215854573,2.33126,0.00087,0.014536,2.34667
928,1207246730089,1207249093813,1207249094795,1207249109090,2.36372,0.000982,0.014295,2.379
929,1207280084266,1207282424325,1207282425195,1207282439176,2.34006,0.00087,0.013981,2.35491
930,1207313402963,1207315785242,1207315786131,1207315800778,2.38228,0.000889,0.014647,2.39782
931,1207346723142,1207349086941,1207349087922,1207349108328,2.3638,0.000981,0.020406,2.38519
932,1207380022693,1207382388065,1207382389380,1207382404416,2.36537,0.001315,0.015036,2.38172
933,1207413373648,1207415715040,1207415716466,1207415732280,2.34139,0.001426,0.015814,2.35863
934,1207446696864,1207449082623,1207449083753,1207449098919,2.38576,0.00113,0.015166,2.40205
935,1207480014154,1207482399877,1207482400895,1207482415487,2.38572,0.001018,0.014592,2.40133
936,1207513324074,1207515658615,1207515659875,1207515674485,2.33454,0.00126,0.01461,2.35041
937,1207546630532,1207548991905,1207548993164,1207549014551,2.36137,0.001259,0.021387,2.38402
938,1207579976857,1207582361025,1207582362284,1207582375339,2.38417,0.001259,0.013055,2.39848
939,1207613299481,1207615644503,1207615645743,1207615658094,2.34502,0.00124,0.012351,2.35861
940,1207646746095,1207649364746,1207649367487,1207649399262,2.61865,0.002741,0.031775,2.65317
941,1207680029240,1207682530362,1207682532417,1207682554749,2.50112,0.002055,0.022332,2.52551
942,1207713382713,1207715789527,1207715790934,1207715808488,2.40681,0.001407,0.017554,2.42577
943,1207746645137,1207749035785,1207749036692,1207749057098,2.39065,0.000907,0.020406,2.41196
944,1207780018664,1207782537711,1207782538803,1207782554895,2.51905,0.001092,0.016092,2.53623
945,1207813283437,1207815624385,1207815625515,1207815637755,2.34095,0.00113,0.01224,2.35432
946,1207846708773,1207849120457,1207849121549,1207849134660,2.41168,0.001092,0.013111,2.42589
947,1207879994526,1207882517424,1207882519183,1207882537201,2.5229,0.001759,0.018018,2.54268
948,1207913264854,1207915640466,1207915641670,1207915656058,2.37561,0.001204,0.014388,2.3912
949,1207946698245,1207951021592,1207951023314,1207951046201,4.32335,0.001722,0.022887,4.34796
950,1207979956593,1207982396830,1207982398385,1207982416143,2.44024,0.001555,0.017758,2.45955
951,1208013302804,1208015651159,1208015652418,1208015672102,2.34836,0.001259,0.019684,2.3693
952,1208046568577,1208048970651,1208048971984,1208048987372,2.40207,0.001333,0.015388,2.41879
953,1208079936695,1208082294919,1208082296104,1208082311511,2.35822,0.001185,0.015407,2.37482
954,1208113219744,1208115567099,1208115568173,1208115580672,2.34735,0.001074,0.012499,2.36093
955,1208146580251,1208148992676,1208148993768,1208149007267,2.41242,0.001092,0.013499,2.42702
956,1208179848320,1208182400124,1208182401198,1208182413086,2.5518,0.001074,0.011888,2.56477
957,1208213237344,1208215728411,1208215729855,1208215742743,2.49107,0.001444,0.012888,2.5054
958,1208246561113,1208248970778,1208248971908,1208248984648,2.40966,0.00113,0.01274,2.42354
959,1208279882419,1208282233940,1208282235107,1208282250587,2.35152,0.001167,0.01548,2.36817
960,1208313167857,1208315554024,1208315555080,1208315571430,2.38617,0.001056,0.01635,2.40357
961,1208346521976,1208348901847,1208348903384,1208348915401,2.37987,0.001537,0.012017,2.39343
962,1208379787878,1208382187341,1208382188618,1208382200173,2.39946,0.001277,0.011555,2.41229
963,1208413158162,1208415666302,1208415667654,1208415679987,2.50814,0.001352,0.012333,2.52183
964,1208446564500,1208448911428,1208448912632,1208448924298,2.34693,0.001204,0.011666,2.3598
965,1208479761407,1208482174924,1208482176201,1208482187478,2.41352,0.001277,0.011277,2.42607
966,1208513164929,1208515584094,1208515585168,1208515600723,2.41917,0.001074,0.015555,2.43579
967,1208546419203,1208548842423,1208548843627,1208548859144,2.42322,0.001204,0.015517,2.43994
968,1208579743953,1208582156526,1208582157470,1208582169840,2.41257,0.000944,0.01237,2.42589
969,1208613021800,1208615488776,1208615489887,1208615502775,2.46698,0.001111,0.012888,2.48097
970,1208646414675,1208649594083,1208649595879,1208649622618,3.17941,0.001796,0.026739,3.20794
971,1208679750554,1208682071059,1208682072892,1208682091668,2.3205,0.001833,0.018776,2.34111
972,1208713026678,1208715421381,1208715422826,1208715439935,2.3947,0.001445,0.017109,2.41326
973,1208746333577,1208748690728,1208748691857,1208748710319,2.35715,0.001129,0.018462,2.37674
974,1208779674623,1208782047643,1208782048624,1208782069252,2.37302,0.000981,0.020628,2.39463
975,1208812992205,1208815375280,1208815377076,1208815391704,2.38307,0.001796,0.014628,2.3995
976,1208846321712,1208848684769,1208848685936,1208848701416,2.36306,0.001167,0.01548,2.3797
977,1208879646997,1208882098066,1208882100437,1208882117787,2.45107,0.002371,0.01735,2.47079
978,1208913028203,1208915327599,1208915328913,1208915345394,2.2994,0.001314,0.016481,2.31719
979,1208946333879,1208949573375,1208949575134,1208949596114,3.2395,0.001759,0.02098,3.26223
980,1208979681754,1208982057570,1208982059385,1208982079883,2.37582,0.001815,0.020498,2.39813
981,1209012961394,1209015484014,1209015485885,1209015505272,2.52262,0.001871,0.019387,2.54388
982,1209046293382,1209048676790,1209048678068,1209048692752,2.38341,0.001278,0.014684,2.39937
983,1209079616038,1209081964874,1209081966577,1209081981539,2.34884,0.001703,0.014962,2.3655
984,1209112930045,1209115273308,1209115274437,1209115290177,2.34326,0.001129,0.01574,2.36013
985,1209146224740,1209148570002,1209148571391,1209148585316,2.34526,0.001389,0.013925,2.36058
986,1209179529341,1209181886658,1209181887972,1209181902546,2.35732,0.001314,0.014574,2.37321
987,1209212873976,1209215362876,1209215364117,1209215378283,2.4889,0.001241,0.014166,2.50431
988,1209246191576,1209248618407,1209248619814,1209248632387,2.42683,0.001407,0.012573,2.44081
989,1209279543044,1209281880918,1209281882214,1209281897399,2.33787,0.001296,0.015185,2.35435
990,1209312854552,1209315200241,1209315201185,1209315217536,2.34569,0.000944,0.016351,2.36298
991,1209346163857,1209348529358,1209348530710,1209348545135,2.3655,0.001352,0.014425,2.38128
992,1209380178982,1209384710018,1209384712555,1209384732331,4.53104,0.002537,0.019776,4.55335
993,1209412854701,1209415197334,1209415199316,1209415218425,2.34263,0.001982,0.019109,2.36372
994,1209446174931,1209448545117,1209448546432,1209448561950,2.37019,0.001315,0.015518,2.38702
995,1209479498679,1209481861014,1209481862292,1209481876809,2.36233,0.001278,0.014517,2.37813
996,1209512806021,1209515140098,1209515141395,1209515154745,2.33408,0.001297,0.01335,2.34872
997,1209546111381,1209548496159,1209548497288,1209548510732,2.38478,0.001129,0.013444,2.39935
998,1209579426148,1209581809278,1209581810426,1209581824388,2.38313,0.001148,0.013962,2.39824
999,1209612754543,1209615155783,1209615156820,1209615169023,2.40124,0.001037,0.012203,2.41448
1000,1209646081884,1209649044344,1209649046269,1209649064083,2.96246,0.001925,0.017814,2.9822
1001,1209679492514,1209681963990,1209681965842,1209681985470,2.47148,0.001852,0.019628,2.49296
1002,1209712761470,1209715130323,1209715132101,1209715152803,2.36885,0.001778,0.020702,2.39133
1003,1209746055164,1209748520511,1209748521899,1209748537935,2.46535,0.001388,0.016036,2.48277
1004,1209779373431,1209781725989,1209781727304,1209781746247,2.35256,0.001315,0.018943,2.37282
1005,1209812703103,1209815217038,1209815218334,1209815235185,2.51394,0.001296,0.016851,2.53208
1006,1209846068012,1209848708124,1209848709383,1209848727141,2.64011,0.001259,0.017758,2.65913
1007,1209879479677,1209881838364,1209881839512,1209881866029,2.35869,0.001148,0.026517,2.38635
1008,1209912726187,1209915090818,1209915092466,1209915111909,2.36463,0.001648,0.019443,2.38572
1009,1209946058821,1209948911010,1209948914325,1209948940823,2.85219,0.003315,0.026498,2.882
1010,1209979470542,1209981854116,1209981856430,1209981875873,2.38357,0.002314,0.019443,2.40533
1011,1210012755530,1210015289798,1210015291835,1210015319536,2.53427,0.002037,0.027701,2.56401
1012,1210046090331,1210048443000,1210048444185,1210048459443,2.35267,0.001185,0.015258,2.36911
1013,1210079374486,1210081758153,1210081760153,1210081777596,2.38367,0.002,0.017443,2.40311
1014,1210112771856,1210115144801,1210115146635,1210115165207,2.37295,0.001834,0.018572,2.39335
1015,1210146015718,1210148350814,1210148352666,1210148367591,2.3351,0.001852,0.014925,2.35187
1016,1210179384516,1210181723927,1210181725778,1210181741481,2.33941,0.001851,0.015703,2.35697
1017,1210212666042,1210215137777,1210215140332,1210215162183,2.47173,0.002555,0.021851,2.49614
1018,1210246057376,1210248455615,1210248457189,1210248470281,2.39824,0.001574,0.013092,2.4129
1019,1210279312978,1210281664776,1210281665832,1210281683849,2.3518,0.001056,0.018017,2.37087
1020,1210312673220,1210315061239,1210315062257,1210315078275,2.38802,0.001018,0.016018,2.40505
1021,1210345938859,1210348290398,1210348291324,1210348304860,2.35154,0.000926,0.013536,2.366
1022,1210379319341,1210381677843,1210381678880,1210381691212,2.3585,0.001037,0.012332,2.37187
1023,1210412600478,1210414974905,1210414975572,1210414988478,2.37443,0.000667,0.012906,2.388
1024,1210445965406,1210448318149,1210448319371,1210448333148,2.35274,0.001222,0.013777,2.36774
1025,1210479281393,1210482245371,1210482247223,1210482270314,2.96398,0.001852,0.023091,2.98892
1026,1210512645672,1210514979454,1210514981657,1210514998712,2.33378,0.002203,0.017055,2.35304
1027,1210545909829,1210548461873,1210548463855,1210548484094,2.55204,0.001982,0.020239,2.57427
1028,1210579295867,1210581677349,1210581679422,1210581698458,2.38148,0.002073,0.019036,2.40259
1029,1210612570042,1210614960763,1210614962300,1210614975596,2.39072,0.001537,0.013296,2.40555
1030,1210645953301,1210648632485,1210648633966,1210648654446,2.67918,0.001481,0.02048,2.70114
1031,1210679237531,1210681580941,1210681583645,1210681603403,2.34341,0.002704,0.019758,2.36587
1032,1210712584516,1210714932814,1210714935000,1210714951813,2.3483,0.002186,0.016813,2.3673
1033,1210745856024,1210748249190,1210748250634,1210748268411,2.39317,0.001444,0.017777,2.41239
1034,1210779214989,1210781606952,1210781608081,1210781621636,2.39196,0.001129,0.013555,2.40665
1035,1210812497143,1210814828499,1210814830128,1210814844942,2.33136,0.001629,0.014814,2.3478
1036,1210845886585,1210848311638,1210848313860,1210848330396,2.42505,0.002222,0.016536,2.44381
1037,1210879156073,1210881529462,1210881530999,1210881546702,2.37339,0.001537,0.015703,2.39063
1038,1210912548292,1210914864334,1210914866167,1210914882388,2.31604,0.001833,0.016221,2.3341
1039,1210945837945,1210948180004,1210948181448,1210948197373,2.34206,0.001444,0.015925,2.35943
1040,1210979224943,1210981683678,1210981685401,1210981706381,2.45873,0.001723,0.02098,2.48144
1041,1211012451582,1211014807102,1211014808195,1211014823897,2.35552,0.001093,0.015702,2.37231
1042,1211045834747,1211048205988,1211048207432,1211048219543,2.37124,0.001444,0.012111,2.3848
1043,1211079101031,1211081443922,1211081444996,1211081460217,2.34289,0.001074,0.015221,2.35919
1044,1211112464697,1211114816143,1211114816977,1211114830846,2.35145,0.000834,0.013869,2.36615
1045,1211145737980,1211148070891,1211148071965,1211148084649,2.33291,0.001074,0.012684,2.34667
1046,1211179144532,1211181482054,1211181483091,1211181498553,2.33752,0.001037,0.015462,2.35402
1047,1211212382133,1211214704934,1211214707008,1211214723969,2.3228,0.002074,0.016961,2.34184
1048,1211245750151,1211248104227,1211248105597,1211248126207,2.35408,0.00137,0.02061,2.37606
1049,1211279055173,1211281383992,1211281385214,1211281397731,2.32882,0.001222,0.012517,2.34256
1050,1211312402100,1211314731566,1211314732548,1211314747547,2.32947,0.000982,0.014999,2.34545
1051,1211345681920,1211348023441,1211348024885,1211348036385,2.34152,0.001444,0.0115,2.35446
1052,1211379057807,1211381428401,1211381429419,1211381444048,2.37059,0.001018,0.014629,2.38624
1053,1211412353089,1211414755273,1211414756773,1211414771105,2.40218,0.0015,0.014332,2.41802
1054,1211445746568,1211448184398,1211448185916,1211448221784,2.43783,0.001518,0.035868,2.47522
1055,1211479008556,1211481387816,1211481388686,1211481400000,2.37926,0.00087,0.011314,2.39144
1056,1211512344780,1211514685820,1211514686708,1211514701930,2.34104,0.000888,0.015222,2.35715
1057,1211545642358,1211547977491,1211547978769,1211547993323,2.33513,0.001278,0.014554,2.35096
1058,1211578988618,1211581332213,1211581333065,1211581344823,2.3436,0.000852,0.011758,2.35621
1059,1211612264012,1211614619551,1211614620422,1211614632847,2.35554,0.000871,0.012425,2.36883
1060,1211645636641,1211648162557,1211648165038,1211648198573,2.52592,0.002481,0.033535,2.56193
1061,1211679001196,1211681464153,1211681466283,1211681482393,2.46296,0.00213,0.01611,2.4812
1062,1211712305903,1211714705291,1211714706920,1211714721549,2.39939,0.001629,0.014629,2.41565
1063,1211745571076,1211747918523,1211747919930,1211747932818,2.34745,0.001407,0.012888,2.36174
1064,1211778956167,1211781307650,1211781308798,1211781321723,2.35148,0.001148,0.012925,2.36556
1065,1211812231208,1211814619966,1211814620874,1211814633780,2.38876,0.000908,0.012906,2.40257
1066,1211845612592,1211848074309,1211848075401,1211848089456,2.46172,0.001092,0.014055,2.47686
1067,1211878904131,1211881362589,1211881363552,1211881374921,2.45846,0.000963,0.011369,2.47079
1068,1211912260999,1211914650647,1211914652017,1211914666664,2.38965,0.00137,0.014647,2.40566
1069,1211945538873,1211947930187,1211947932039,1211947947945,2.39131,0.001852,0.015906,2.40907
1070,1211978944145,1211981300776,1211981302702,1211981319664,2.35663,0.001926,0.016962,2.37552
1071,1212012180151,1212014523005,1212014524542,1212014539819,2.34285,0.001537,0.015277,2.35967
1072,1212045545148,1212047900057,1212047901649,1212047917408,2.35491,0.001592,0.015759,2.37226
1073,1212078847205,1212081201855,1212081203651,1212081217316,2.35465,0.001796,0.013665,2.37011
1074,1212112185315,1212114538020,1212114539335,1212114551575,2.3527,0.001315,0.01224,2.36626
1075,1212145467762,1212147848891,1212147849873,1212147861983,2.38113,0.000982,0.01211,2.39422
1076,1212178828370,1212181197686,1212181198704,1212181211055,2.36932,0.001018,0.012351,2.38268
1077,1212212116095,1212214443895,1212214445858,1212214459838,2.3278,0.001963,0.01398,2.34374
1078,1212245524459,1212247875480,1212247876794,1212247890701,2.35102,0.001314,0.013907,2.36624
1079,1212278797759,1212281220478,1212281221645,1212281234014,2.42272,0.001167,0.012369,2.43626
1080,1212312142405,1212314546626,1212314548015,1212314561643,2.40422,0.001389,0.013628,2.41924
1081,1212345405928,1212347767688,1212347769170,1212347781465,2.36176,0.001482,0.012295,2.37554
1082,1212378772406,1212381163739,1212381164739,1212381175793,2.39133,0.001,0.011054,2.40339
1083,1212412058112,1212414455741,1212414456667,1212414467555,2.39763,0.000926,0.010888,2.40944
1084,1212445416999,1212447788592,1212447789499,1212447800887,2.37159,0.000907,0.011388,2.38389
1085,1212478718815,1212481221251,1212481222714,1212481233065,2.50244,0.001463,0.010351,2.51425
1086,1212512064850,1212514417297,1212514418611,1212514432684,2.35245,0.001314,0.014073,2.36783
1087,1212545361519,1212547715650,1212547716909,1212547731001,2.35413,0.001259,0.014092,2.36948
1088,1212578708313,1212581111219,1212581112404,1212581125274,2.40291,0.001185,0.01287,2.41696
1089,1212611998778,1212614381889,1212614382834,1212614393462,2.38311,0.000945,0.010628,2.39468
1090,1212645410679,1212647869378,1212647871933,1212647908690,2.4587,0.002555,0.036757,2.49801
1091,1212678737161,1212681387642,1212681389771,1212681405140,2.65048,0.002129,0.015369,2.66798
1092,1212712034181,1212714392275,1212714394034,1212714415125,2.35809,0.001759,0.021091,2.38094
1093,1212745298314,1212747656686,1212747658075,1212747669778,2.35837,0.001389,0.011703,2.37146
1094,1212778669829,1212781072161,1212781073328,1212781084401,2.40233,0.001167,0.011073,2.41457
1095,1212811945979,1212814304129,1212814305332,1212814316943,2.35815,0.001203,0.011611,2.37096
1096,1212845321528,1212847672734,1212847673864,1212847684659,2.35121,0.00113,0.010795,2.36313
1097,1212878620750,1212881093225,1212881094151,1212881105335,2.47248,0.000926,0.011184,2.48459
1098,1212911983837,1212914365504,1212914366707,1212914379651,2.38167,0.001203,0.012944,2.39581
1099,1212945270337,1212947663077,1212947664521,1212947679261,2.39274,0.001444,0.01474,2.40892
1100,1212978684643,1212981037367,1212981038904,1212981055273,2.35272,0.001537,0.016369,2.37063
1101,1213011912166,1213014283333,1213014285333,1213014301850,2.37117,0.002,0.016517,2.38968
1102,1213045322824,1213047679511,1213047680936,1213047694713,2.35669,0.001425,0.013777,2.37189
1103,1213078596640,1213080983861,1213080985454,1213081047264,2.38722,0.001593,0.06181,2.45062
1104,1213111928340,1213114310618,1213114312266,1213114379539,2.38228,0.001648,0.067273,2.4512
1105,1213145219655,1213147547344,1213147548325,1213147616542,2.32769,0.000981,0.068217,2.39689
1106,1213178583020,1213180945299,1213180946336,1213181019497,2.36228,0.001037,0.073161,2.43648
1107,1213211863520,1213214255464,1213214256908,1213214341921,2.39194,0.001444,0.085013,2.4784
1108,1213245231404,1213247576962,1213247578332,1213247646271,2.34556,0.00137,0.067939,2.41487
1109,1213278523311,1213280909107,1213280909995,1213280935216,2.3858,0.000888,0.025221,2.4119
1110,1213311854215,1213314260139,1213314261195,1213314330671,2.40592,0.001056,0.069476,2.47646
1111,1213345135271,1213347526863,1213347527900,1213347598617,2.39159,0.001037,0.070717,2.46335
1112,1213378500377,1213380863415,1213380864359,1213380927318,2.36304,0.000944,0.062959,2.42694
1113,1213411780044,1213414137397,1213414138342,1213414188783,2.35735,0.000945,0.050441,2.40874
1114,1213445206460,1213447578701,1213447579794,1213447632475,2.37224,0.001093,0.052681,2.42602
1115,1213478471647,1213480858998,1213480859980,1213480931993,2.38735,0.000982,0.072013,2.46035
1116,1213511821920,1213514217290,1213514218104,1213514282026,2.39537,0.000814,0.063922,2.46011
1117,1213545090811,1213547446868,1213547447923,1213547498086,2.35606,0.001055,0.050163,2.40727
1118,1213578447898,1213580825676,1213580826917,1213580890005,2.37778,0.001241,0.063088,2.44211
1119,1213611727899,1213614092918,1213614094066,1213614163413,2.36502,0.001148,0.069347,2.43551
1120,1213645105856,1213647469060,1213647470356,1213647550795,2.3632,0.001296,0.080439,2.44494
1121,1213678458666,1213680979878,1213680981600,1213681065187,2.52121,0.001722,0.083587,2.60652
1122,1213711765090,1213714206364,1213714207697,1213714281988,2.44127,0.001333,0.074291,2.5169
1123,1213745036925,1213747389427,1213747390445,1213747440960,2.3525,0.001018,0.050515,2.40403
1124,1213778408567,1213780788974,1213780789863,1213780838600,2.38041,0.000889,0.048737,2.43003
1125,1213811680011,1213814041845,1213814042697,1213814118747,2.36183,0.000852,0.07605,2.43874
1126,1213845082093,1213847451242,1213847452612,1213847608897,2.36915,0.00137,0.156285,2.5268
1127,1213878351203,1213880772385,1213880773626,1213880784199,2.42118,0.001241,0.010573,2.433
1128,1213911724417,1213914177375,1213914178949,1213914191151,2.45296,0.001574,0.012202,2.46673
1129,1213945016211,1213947429912,1213947431189,1213947443411,2.4137,0.001277,0.012222,2.4272
1130,1213978420441,1213980855344,1213980857437,1213980872417,2.4349,0.002093,0.01498,2.45198
1131,1214011642184,1214014021813,1214014023017,1214014036960,2.37963,0.001204,0.013943,2.39478
1132,1214045023267,1214047371084,1214047372306,1214047385398,2.34782,0.001222,0.013092,2.36213
1133,1214078326708,1214080670451,1214080672266,1214080683987,2.34374,0.001815,0.011721,2.35728
1134,1214111660740,1214114148658,1214114149732,1214114166268,2.48792,0.001074,0.016536,2.50553
1135,1214144949867,1214147280815,1214147281926,1214147293554,2.33095,0.001111,0.011628,2.34369
1136,1214178312045,1214180670787,1214180671935,1214180685360,2.35874,0.001148,0.013425,2.37331
1137,1214211592117,1214213955692,1214213957173,1214213971043,2.36357,0.001481,0.01387,2.37893
1138,1214244996532,1214247357052,1214247358459,1214247370829,2.36052,0.001407,0.01237,2.3743
1139,1214278275642,1214280650364,1214280651604,1214280664141,2.37472,0.00124,0.012537,2.3885
1140,1214311611006,1214314015134,1214314016078,1214314027318,2.40413,0.000944,0.01124,2.41631
1141,1214344890060,1214347265171,1214347266078,1214347276781,2.37511,0.000907,0.010703,2.38672
1142,1214378240775,1214380615572,1214380616498,1214380626904,2.3748,0.000926,0.010406,2.38613
1143,1214412390231,1214415856043,1214415857840,1214415875338,3.46581,0.001797,0.017498,3.48511
1144,1214444937188,1214447429198,1214447430995,1214447445716,2.49201,0.001797,0.014721,2.50853
1145,1214478208354,1214480627128,1214480629110,1214480644979,2.41877,0.001982,0.015869,2.43662
1146,1214511514517,1214513929495,1214513930847,1214513946753,2.41498,0.001352,0.015906,2.43224
1147,1214544840252,1214547360390,1214547361612,1214547377796,2.52014,0.001222,0.016184,2.53754
1148,1214578148211,1214580693885,1214580694829,1214580710050,2.54567,0.000944,0.015221,2.56184
1149,1214611495279,1214613853113,1214613854391,1214613868964,2.35783,0.001278,0.014573,2.37369
1150,1214645428916,1214647940851,1214647944221,1214648038974,2.51193,0.00337,0.094753,2.61006
1151,1214678186785,1214680584264,1214680586098,1214680604115,2.39748,0.001834,0.018017,2.41733
1152,1214711447006,1214713858430,1214713859948,1214713879336,2.41142,0.001518,0.019388,2.43233
1153,1214744755651,1214747132447,1214747133613,1214747150631,2.3768,0.001166,0.017018,2.39498
1154,1214778072720,1214780476755,1214780478033,1214780493310,2.40403,0.001278,0.015277,2.42059
1155,1214811404639,1214813799878,1214813801174,1214813818877,2.39524,0.001296,0.017703,2.41424
1156,1214844722206,1214847103243,1214847104965,1214847122130,2.38104,0.001722,0.017165,2.39992
1157,1214878049347,1214880451549,1214880453215,1214880469881,2.4022,0.001666,0.016666,2.42053
1158,1214911406893,1214913846333,1214913848018,1214913866442,2.43944,0.001685,0.018424,2.45955
1159,1214944770420,1214947164381,1214947165678,1214947182769,2.39396,0.001297,0.017091,2.41235
1160,1214978119707,1214980506243,1214980507965,1214980526038,2.38654,0.001722,0.018073,2.40633
1161,1215011381056,1215013775110,1215013776925,1215013795368,2.39405,0.001815,0.018443,2.41431
1162,1215045383927,1215047770815,1215047772852,1215047790017,2.38689,0.002037,0.017165,2.40609
1163,1215078269469,1215081233983,1215081236298,1215081255315,2.96451,0.002315,0.019017,2.98585
1164,1215111373422,1215113728849,1215113730330,1215113745551,2.35543,0.001481,0.015221,2.37213
1165,1215144669398,1215147065415,1215147066711,1215147082191,2.39602,0.001296,0.01548,2.41279
1166,1215177993539,1215180387519,1215180389315,1215180405184,2.39398,0.001796,0.015869,2.41165
1167,1215211298959,1215213680754,1215213682106,1215213696938,2.38179,0.001352,0.014832,2.39798
1168,1215244629729,1215247006636,1215247007895,1215247024653,2.37691,0.001259,0.016758,2.39492
1169,1215278069436,1215280556502,1215280558372,1215280575056,2.48707,0.00187,0.016684,2.50562
1170,1215311309582,1215313757114,1215313759040,1215313774150,2.44753,0.001926,0.01511,2.46457
1171,1215344619039,1215346990039,1215346991780,1215347006908,2.371,0.001741,0.015128,2.38787
1172,1215377913682,1215380312125,1215380313347,1215380328401,2.39844,0.001222,0.015054,2.41472
1173,1215411238601,1215413630247,1215413631932,1215413648357,2.39165,0.001685,0.016425,2.40976
1174,1215444803317,1215447255515,1215447257034,1215447271866,2.4522,0.001519,0.014832,2.46855
1175,1215477959081,1215480345932,1215480347746,1215480363542,2.38685,0.001814,0.015796,2.40446
1176,1215511242262,1215513663351,1215513664832,1215513680757,2.42109,0.001481,0.015925,2.4385
1177,1215544551367,1215546928774,1215546930144,1215547021526,2.37741,0.00137,0.091382,2.47016
1178,1215577906357,1215580473529,1215580475640,1215580553486,2.56717,0.002111,0.077846,2.64713
1179,1215611201667,1215613595610,1215613596906,1215613681567,2.39394,0.001296,0.084661,2.4799
1180,1215644507198,1215646866680,1215646867847,1215646930009,2.35948,0.001167,0.062162,2.42281
1181,1215677888835,1215680300350,1215680302313,1215680368012,2.41152,0.001963,0.065699,2.47918
1182,1215711189421,1215713591512,1215713593030,1215713627491,2.40209,0.001518,0.034461,2.43807
1183,1215744551893,1215746954058,1215746956280,1215747016350,2.40217,0.002222,0.06007,2.46446
1184,1215777827037,1215780261551,1215780263051,1215780291475,2.43451,0.0015,0.028424,2.46444
1185,1215811169712,1215813572358,1215813574247,1215813592023,2.40265,0.001889,0.017776,2.42231
1186,1215844497739,1215846879220,1215846880627,1215846897237,2.38148,0.001407,0.01661,2.3995
1187,1215877819397,1215880201044,1215880202951,1215880222339,2.38165,0.001907,0.019388,2.40294
1188,1215911145350,1215913505462,1215913507239,1215913524646,2.36011,0.001777,0.017407,2.3793
1189,1215944471914,1215946785437,1215946786844,1215946804083,2.31352,0.001407,0.017239,2.33217
1190,1215977860548,1215980396740,1215980398925,1215980413998,2.53619,0.002185,0.015073,2.55345
1191,1216011223499,1216013589869,1216013591962,1216013619830,2.36637,0.002093,0.027868,2.39633
1192,1216044431275,1216046755982,1216046757667,1216046775740,2.32471,0.001685,0.018073,2.34447
1193,1216077776505,1216080122951,1216080124766,1216080140413,2.34645,0.001815,0.015647,2.36391
1194,1216111074571,1216113465829,1216113467458,1216113481087,2.39126,0.001629,0.013629,2.40652
1195,1216144404561,1216146752563,1216146754303,1216146773135,2.348,0.00174,0.018832,2.36857
1196,1216177751142,1216180117920,1216180119865,1216180138993,2.36678,0.001945,0.019128,2.38785
1197,1216211080058,1216213436615,1216213438393,1216213455743,2.35656,0.001778,0.01735,2.37568
1198,1216244409771,1216246842470,1216246843822,1216246858247,2.4327,0.001352,0.014425,2.44848
1199,1216277712892,1216280075041,1216280077096,1216280091317,2.36215,0.002055,0.014221,2.37843
1200,1216311023272,1216313393161,1216313394754,1216313411382,2.36989,0.001593,0.016628,2.38811
1201,1216344329949,1216346678321,1216346679617,1216346694598,2.34837,0.001296,0.014981,2.36465
1202,1216377646292,1216380044179,1216380045660,1216380057382,2.39789,0.001481,0.011722,2.41109
1203,1216410986800,1216413524769,1216413526214,1216413540657,2.53797,0.001445,0.014443,2.55386
1204,1216444314123,1216446735027,1216446736453,1216446753303,2.4209,0.001426,0.01685,2.43918
1205,1216477625059,1216479983912,1216479985467,1216480011187,2.35885,0.001555,0.02572,2.38613
1206,1216510942198,1216513312383,1216513313550,1216513329678,2.37019,0.001167,0.016128,2.38748
1207,1216544283706,1216546642743,1216546643799,1216546661983,2.35904,0.001056,0.018184,2.37828
1208,1216577608900,1216580035933,1216580037747,1216580054005,2.42703,0.001814,0.016258,2.4451
1209,1216610926576,1216613536448,1216613537614,1216613551243,2.60987,0.001166,0.013629,2.62467
1210,1216644363928,1216646813034,1216646814312,1216646830699,2.44911,0.001278,0.016387,2.46677
1211,1216677647885,1216680054882,1216680056734,1216680077843,2.407,0.001852,0.021109,2.42996
1212,1216710927341,1216713343542,1216713345227,1216713361133,2.4162,0.001685,0.015906,2.43379
1213,1216744230851,1216746623591,1216746624905,1216746638090,2.39274,0.001314,0.013185,2.40724
1214,1216777556971,1216779930175,1216779931656,1216779949062,2.3732,0.001481,0.017406,2.39209
1215,1216810872683,1216813412671,1216813414023,1216813428688,2.53999,0.001352,0.014665,2.556
1216,1216844208337,1216846563153,1216846564356,1216846581336,2.35482,0.001203,0.01698,2.373
1217,1216877579488,1216879935637,1216879938026,1216879952803,2.35615,0.002389,0.014777,2.37331
1218,1216910947918,1216913296271,1216913298308,1216913315621,2.34835,0.002037,0.017313,2.3677
1219,1216944227520,1216946515914,1216946517396,1216946533969,2.28839,0.001482,0.016573,2.30645
1220,1216977623614,1216979920119,1216979978300,1216980009613,2.2965,0.058181,0.031313,2.386
1221,1217010900883,1217013276161,1217013277901,1217013294289,2.37528,0.00174,0.016388,2.39341
1222,1217044283756,1217046588557,1217046590149,1217046606148,2.3048,0.001592,0.015999,2.32239
1223,1217077544582,1217079920544,1217079922044,1217079938765,2.37596,0.0015,0.016721,2.39418
1224,1217110876218,1217113209165,1217113210257,1217113223293,2.33295,0.001092,0.013036,2.34707
1225,1217157832135,1217160142602,1217160143917,1217160157397,2.31047,0.001315,0.01348,2.32526
1226,1217207968718,1217210266501,1217210267538,1217210279518,2.29778,0.001037,0.01198,2.3108
1227,1217257989772,1217260317089,1217260357012,1217260369678,2.32732,0.039923,0.012666,2.37991
1228,1217308135891,1217310413508,1217310465708,1217310485929,2.27762,0.0522,0.020221,2.35004
1229,1217359172614,1217361473285,1217361520411,1217361537910,2.30067,0.047126,0.017499,2.3653
1230,1217414040919,1217416368403,1217416370181,1217416387180,2.32748,0.001778,0.016999,2.34626
1231,1217471987915,1217474342545,1217474343786,1217474360544,2.35463,0.001241,0.016758,2.37263
1232,1217535209650,1217537711048,1217537712919,1217537734602,2.5014,0.001871,0.021683,2.52495
1233,1217595091325,1217597647460,1217597648682,1217597665459,2.55613,0.001222,0.016777,2.57413
1234,1217650640767,1217653210235,1217653211809,1217653235233,2.56947,0.001574,0.023424,2.59447
1235,1217701471801,1217704031362,1217704033417,1217704058452,2.55956,0.002055,0.025035,2.58665
1236,1217751309590,1217753673887,1217753675257,1217753690256,2.3643,0.00137,0.014999,2.38067
1237,1217801421525,1217803811838,1217803812875,1217803827004,2.39031,0.001037,0.014129,2.40548
1238,1217851447483,1217853950677,1217853951843,1217853963509,2.50319,0.001166,0.011666,2.51603
1239,1217901658353,1217904024279,1217904026390,1217904041704,2.36593,0.002111,0.015314,2.38335
1240,1217952332265,1217955286001,1217955287390,1217955306703,2.95374,0.001389,0.019313,2.97444
1241,1218001735284,1218004127764,1218004129542,1218004151892,2.39248,0.001778,0.02235,2.41661
1242,1218051750187,1218054332209,1218054333394,1218054347782,2.58202,0.001185,0.014388,2.5976
1243,1218101951910,1218104401459,1218104403200,1218104419236,2.44955,0.001741,0.016036,2.46733
1244,1218151871152,1218154286297,1218154287575,1218154300889,2.41514,0.001278,0.013314,2.42974
1245,1218201996047,1218204445319,1218204446226,1218204458485,2.44927,0.000907,0.012259,2.46244
1246,1218252050373,1218254673429,1218254674929,1218254686502,2.62306,0.0015,0.011573,2.63613
1247,1218302162787,1218304670999,1218304672666,1218304687405,2.50821,0.001667,0.014739,2.52462
1248,1218335448442,1218337910843,1218337911991,1218337928101,2.4624,0.001148,0.01611,2.47966
1249,1218368752318,1218371215811,1218371217496,1218371231829,2.46349,0.001685,0.014333,2.47951
1250,1218402108172,1218404605237,1218404607033,1218404620569,2.49707,0.001796,0.013536,2.5124
1251,1218435822334,1218438412355,1218438413041,1218438425651,2.59002,0.000686,0.01261,2.60332
1252,1218469186113,1218471674549,1218471675568,1218471688974,2.48844,0.001019,0.013406,2.50286
1253,1218502457455,1218504996350,1218504998128,1218505013923,2.5389,0.001778,0.015795,2.55647
1254,1218535882674,1218538456400,1218538457548,1218538474992,2.57373,0.001148,0.017444,2.59232
1255,1218569134258,1218571657950,1218571659228,1218571676856,2.52369,0.001278,0.017628,2.5426
1256,1218602476464,1218605032062,1218605033062,1218605055246,2.5556,0.001,0.022184,2.57878
1257,1218635742936,1218638166450,1218638167765,1218638179449,2.42351,0.001315,0.011684,2.43651
1258,1218669781149,1218672245198,1218672247049,1218672269640,2.46405,0.001851,0.022591,2.48849
1259,1218702425831,1218704832624,1218704834531,1218704855808,2.40679,0.001907,0.021277,2.42998
1260,1218735710060,1218738124705,1218738125927,1218738142222,2.41465,0.001222,0.016295,2.43216
1261,1218769064155,1218771456727,1218771457857,1218771472874,2.39257,0.00113,0.015017,2.40872
1262,1218802379640,1218804754936,1218804756176,1218804771786,2.3753,0.00124,0.01561,2.39215
1263,1218835687958,1218838052791,1218838053902,1218838068642,2.36483,0.001111,0.01474,2.38068
1264,1218869014867,1218871357184,1218871358480,1218871373868,2.34232,0.001296,0.015388,2.359
1265,1218902362757,1218904767624,1218904769624,1218904785493,2.40487,0.002,0.015869,2.42274
1266,1218935649298,1218938015020,1218938016261,1218938032352,2.36572,0.001241,0.016091,2.38305
1267,1218969062553,1218971373594,1218971374927,1218971392407,2.31104,0.001333,0.01748,2.32985
1268,1219002334633,1219004753870,1219004755833,1219004772313,2.41924,0.001963,0.01648,2.43768
1269,1219035650802,1219038018746,1219038020154,1219038036190,2.36794,0.001408,0.016036,2.38539
1270,1219069659867,1219072038496,1219072039718,1219072055180,2.37863,0.001222,0.015462,2.39531
1271,1219102377264,1219104754911,1219104756966,1219104773021,2.37765,0.002055,0.016055,2.39576
1272,1219135589107,1219137943367,1219137944904,1219137957662,2.35426,0.001537,0.012758,2.36856
1273,1219168933034,1219171279016,1219171279961,1219171294886,2.34598,0.000945,0.014925,2.36185
1274,1219202247055,1219204628479,1219204629720,1219204645330,2.38142,0.001241,0.01561,2.39827
1275,1219235560187,1219237932724,1219237933816,1219237948852,2.37254,0.001092,0.015036,2.38867
1276,1219268891541,1219271277354,1219271278891,1219271301759,2.38581,0.001537,0.022868,2.41022
1277,1219302277964,1219304703478,1219304705367,1219304721755,2.42551,0.001889,0.016388,2.44379
1278,1219335525138,1219337885824,1219337886972,1219337901730,2.36069,0.001148,0.014758,2.37659
1279,1219368866435,1219371249341,1219371250749,1219371266747,2.38291,0.001408,0.015998,2.40031
1280,1219402203362,1219404592490,1219404594009,1219404615840,2.38913,0.001519,0.021831,2.41248
1281,1219435529809,1219437928010,1219437929306,1219437951601,2.3982,0.001296,0.022295,2.42179
1282,1219469565964,1219471928038,1219471929186,1219471944000,2.36207,0.001148,0.014814,2.37804
1283,1219502215199,1219504594587,1219504596383,1219504611308,2.37939,0.001796,0.014925,2.39611
1284,1219535502407,1219537858352,1219537859611,1219537877129,2.35595,0.001259,0.017518,2.37472
1285,1219568827539,1219571166855,1219571167911,1219571185298,2.33932,0.001056,0.017387,2.35776
1286,1219602125376,1219604510374,1219604511819,1219604525688,2.385,0.001445,0.013869,2.40031
1287,1219635450545,1219637804267,1219637805175,1219637818618,2.35372,0.000908,0.013443,2.36807
1288,1219669055471,1219671428989,1219671430322,1219671450321,2.37352,0.001333,0.019999,2.39485
1289,1219702145101,1219704524026,1219704525711,1219704545265,2.37893,0.001685,0.019554,2.40016
1290,1219735520007,1219737886840,1219737888192,1219737903839,2.36683,0.001352,0.015647,2.38383
1291,1219768759626,1219771120089,1219771121219,1219771133644,2.36046,0.00113,0.012425,2.37402
1292,1219802071868,1219804530639,1219804532010,1219804547231,2.45877,0.001371,0.015221,2.47536
1293,1219835395090,1219837817105,1219837818549,1219837846306,2.42202,0.001444,0.027757,2.45122
1294,1219869368081,1219871764486,1219871765783,1219871783670,2.39641,0.001297,0.017887,2.41559
1295,1219902099142,1219904506027,1219904508305,1219904522859,2.40688,0.002278,0.014554,2.42372
1296,1219935444010,1219938025106,1219938027550,1219938048308,2.5811,0.002444,0.020758,2.6043
1297,1219968787583,1219971099327,1219971100494,1219971119992,2.31174,0.001167,0.019498,2.33241
1298,1220002106212,1220004539485,1220004541467,1220004560428,2.43327,0.001982,0.018961,2.45422
1299,1220035388586,1220037756196,1220037757529,1220037775250,2.36761,0.001333,0.017721,2.38666
1300,1220068695790,1220071049420,1220071050439,1220071066160,2.35363,0.001019,0.015721,2.37037
1301,1220102021475,1220104399141,1220104401103,1220104418195,2.37767,0.001962,0.017092,2.39672
1302,1220135350123,1220137708771,1220137710197,1220137722918,2.35865,0.001426,0.012721,2.37279
1303,1220168670326,1220171007143,1220171008346,1220171024345,2.33682,0.001203,0.015999,2.35402
1304,1220201992974,1220204358030,1220204359344,1220204375232,2.36506,0.001314,0.015888,2.38226
1305,1220235304975,1220237669623,1220237670734,1220237685492,2.36465,0.001111,0.014758,2.38052
1306,1220268806888,1220271332302,1220271333543,1220271345561,2.52541,0.001241,0.012018,2.53867
1307,1220302048301,1220304595158,1220304597047,1220304611546,2.54686,0.001889,0.014499,2.56325
1308,1220335355654,1220337719561,1220337720765,1220337734949,2.36391,0.001204,0.014184,2.37929
1309,1220368684413,1220371043302,1220371044764,1220371059060,2.35889,0.001462,0.014296,2.37465
1310,1220401962730,1220404368894,1220404370468,1220404383300,2.40616,0.001574,0.012832,2.42057
1311,1220435324598,1220437678802,1220437680357,1220437693579,2.3542,0.001555,0.013222,2.36898
1312,1220468603953,1220470947472,1220470948657,1220470968156,2.34352,0.001185,0.019499,2.3642
1313,1220501974468,1220504446386,1220504448608,1220504462385,2.47192,0.002222,0.013777,2.48792
1314,1220535307874,1220537672522,1220537673948,1220537689484,2.36465,0.001426,0.015536,2.38161
1315,1220568614838,1220570927897,1220570928860,1220570945933,2.31306,0.000963,0.017073,2.33109
1316,1220601970354,1220604299227,1220604301301,1220604317281,2.32887,0.002074,0.01598,2.34693
1317,1220635235562,1220637613005,1220637614042,1220637629633,2.37744,0.001037,0.015591,2.39407
1318,1220668668609,1220671044479,1220671046312,1220671068218,2.37587,0.001833,0.021906,2.39961
1319,1220701910207,1220704351776,1220704353720,1220704372071,2.44157,0.001944,0.018351,2.46186
1320,1220735267557,1220737619946,1220737621279,1220737636241,2.35239,0.001333,0.014962,2.36868
1321,1220768537097,1220770929540,1220770930780,1220770948131,2.39244,0.00124,0.017351,2.41103
1322,1220801891168,1220804301331,1220804302553,1220804316645,2.41016,0.001222,0.014092,2.42548
1323,1220835178279,1220837544353,1220837545557,1220837559037,2.36607,0.001204,0.01348,2.38076
1324,1220868571253,1220870931531,1220870933050,1220870957437,2.36028,0.001519,0.024387,2.38618
1325,1220901856457,1220904251473,1220904253436,1220904270972,2.39502,0.001963,0.017536,2.41452
1326,1220935203953,1220937555417,1220937556287,1220937570231,2.35146,0.00087,0.013944,2.36628
1327,1220968508600,1220970837491,1220970839325,1220970862989,2.32889,0.001834,0.023664,2.35439
1328,1221001866466,1221004251038,1221004253112,1221004275240,2.38457,0.002074,0.022128,2.40877
1329,1221035126412,1221037485079,1221037486857,1221037504170,2.35867,0.001778,0.017313,2.37776
1330,1221068568068,1221070975213,1221070976528,1221070991249,2.40714,0.001315,0.014721,2.42318
1331,1221101801498,1221104237493,1221104239548,1221104255047,2.436,0.002055,0.015499,2.45355
1332,1221135153642,1221137545047,1221137546417,1221137559009,2.3914,0.00137,0.012592,2.40537
1333,1221168441401,1221170789420,1221170790439,1221170809474,2.34802,0.001019,0.019035,2.36807
1334,1221201822839,1221204187357,1221204189579,1221204206041,2.36452,0.002222,0.016462,2.3832
1335,1221235085193,1221237436952,1221237438100,1221237453655,2.35176,0.001148,0.015555,2.36846
1336,1221268447354,1221270779856,1221270781004,1221270799040,2.3325,0.001148,0.018036,2.35169
1337,1221301766056,1221304147924,1221304149739,1221304171756,2.38187,0.001815,0.022017,2.4057
1338,1221335107033,1221337465867,1221337467107,1221337484680,2.35883,0.00124,0.017573,2.37765
1339,1221368391015,1221370710814,1221370712074,1221370730498,2.3198,0.00126,0.018424,2.33948
1340,1221401767787,1221404125565,1221404127342,1221404140082,2.35778,0.001777,0.01274,2.37229
1341,1221435030770,1221437391770,1221437393511,1221437408158,2.361,0.001741,0.014647,2.37739
1342,1221468429299,1221470784096,1221470785189,1221470802465,2.3548,0.001093,0.017276,2.37317
1343,1221501691801,1221504129722,1221504131425,1221504147646,2.43792,0.001703,0.016221,2.45585
1344,1221535040779,1221537434091,1221537435517,1221537451608,2.39331,0.001426,0.016091,2.41083
1345,1221568345166,1221570673243,1221570674502,1221570691982,2.32808,0.001259,0.01748,2.34682
1346,1221601705439,1221604075198,1221604076160,1221604090474,2.36976,0.000962,0.014314,2.38503
1347,1221634972089,1221637318367,1221637319256,1221637331904,2.34628,0.000889,0.012648,2.35982
1348,1221668405449,1221670734173,1221670735544,1221670756598,2.32872,0.001371,0.021054,2.35115
1349,1221701659655,1221704082502,1221704084336,1221704101038,2.42285,0.001834,0.016702,2.44138
1350,1221735687362,1221738077138,1221738078712,1221738095748,2.38978,0.001574,0.017036,2.40839
1351,1221768408402,1221770735164,1221770736534,1221770771920,2.32676,0.00137,0.035386,2.36352
1352,1221801655960,1221803966760,1221803967834,1221803983944,2.3108,0.001074,0.01611,2.32798
1353,1221834947273,1221837275145,1221837276256,1221837296088,2.32787,0.001111,0.019832,2.34882
1354,1221868336338,1221870689930,1221870691412,1221870705818,2.35359,0.001482,0.014406,2.36948
1355,1221901931221,1221904979506,1221904982283,1221905004096,3.04828,0.002777,0.021813,3.07287
1356,1221934955182,1221937459579,1221937460598,1221937475448,2.5044,0.001019,0.01485,2.52027
1357,1221968398317,1221970742596,1221970744485,1221970764520,2.34428,0.001889,0.020035,2.3662
1358,1222001572397,1222003921694,1222003923434,1222003946896,2.3493,0.00174,0.023462,2.3745
1359,1222034924761,1222037275150,1222037276668,1222037296334,2.35039,0.001518,0.019666,2.37157
1360,1222068204130,1222070533372,1222070534391,1222070552167,2.32924,0.001019,0.017776,2.34804
1361,1222101665782,1222104098999,1222104100998,1222104118219,2.43322,0.001999,0.017221,2.45244
1362,1222134897172,1222137450288,1222137451603,1222137465269,2.55312,0.001315,0.013666,2.5681
1363,1222168188763,1222170558836,1222170560447,1222170578223,2.37007,0.001611,0.017776,2.38946
1364,1222201541552,1222203878924,1222203880553,1222203895904,2.33737,0.001629,0.015351,2.35435
1365,1222234816681,1222237244564,1222237245916,1222237259582,2.42788,0.001352,0.013666,2.4429
1366,1222268207171,1222270576670,1222270578337,1222270597113,2.3695,0.001667,0.018776,2.38994
1367,1222301472671,1222303886722,1222303888703,1222303914368,2.41405,0.001981,0.025665,2.4417
